1. Ano,2. Nome Região (Portugal),3. Filtro 1,4. Filtro 2,5. Filtro 3,6. Escala,7. Símbolo,8. Valor
1996,Portugal,Aeromodelismo,,, pessoas,,508
1996,Portugal,Aeronáutica,,, pessoas,-,
1996,Portugal,Aikido,,, pessoas,,300
1996,Portugal,Andebol,,, pessoas,,17386
1996,Portugal,Arqueiros e Besteiros,,, pessoas,,178
1996,Portugal,Artes Marciais Chinesas,,, pessoas,,550
1996,Portugal,Atividades Subaquáticas,,, pessoas,,1036
1996,Portugal,Atletismo,,, pessoas,,11107
1996,Portugal,Automobilismo,,, pessoas,,3798
1996,Portugal,Badminton,,, pessoas,,1592
1996,Portugal,Basebol e Softbol,,, pessoas,-,
1996,Portugal,Basquetebol,,, pessoas,,18050
1996,Portugal,Bilhar,,, pessoas,,795
1996,Portugal,Boxe,,, pessoas,,463
1996,Portugal,Bridge,,, pessoas,,995
1996,Portugal,Budo,,, pessoas,-,
1996,Portugal,Campismo e Montanhismo,,, pessoas,-,
1996,Portugal,Canoagem,,, pessoas,,2297
1996,Portugal,Ciclismo,,, pessoas,,2051
1996,Portugal,Columbofilia,,, pessoas,,17040
1996,Portugal,Corfebol,,, pessoas,,471
1996,Portugal,Damas,,, pessoas,-,
1996,Portugal,Dança Desportiva,,, pessoas,,830
1996,Portugal,Desporto para pessoas com deficiência,,, pessoas,-,
1996,Portugal,Desporto Universitário,,, pessoas,-,
1996,Portugal,Desportos de inverno,,, pessoas,,86
1996,Portugal,Equestre,,, pessoas,,1543
1996,Portugal,Escalada de Competição,,, pessoas,-,
1996,Portugal,Esgrima,,, pessoas,,537
1996,Portugal,Futebol,,, pessoas,,95746
1996,Portugal,Futebol de Salão,,, pessoas,,6477
1996,Portugal,Ginástica,,, pessoas,,4183
1996,Portugal,Golfe,,, pessoas,,4520
1996,Portugal,Halterofilismo,,, pessoas,,371
1996,Portugal,Hóquei,,, pessoas,,1139
1996,Portugal,Hovercraft,,, pessoas,-,
1996,Portugal,Jet Ski,,, pessoas,,153
1996,Portugal,Ju-Jitsu e Disciplinas Associadas,,, pessoas,x,
1996,Portugal,Judo,,, pessoas,x,
1996,Portugal,Karate,,, pessoas,-,
1996,Portugal,Kickboxing,,, pessoas,,938
1996,Portugal,Lohan Tao Kempo,,, pessoas,-,
1996,Portugal,Lutas Amadoras,,, pessoas,,1169
1996,Portugal,Minigolfe,,, pessoas,-,
1996,Portugal,Motociclismo,,, pessoas,,1214
1996,Portugal,Motonáutica,,, pessoas,,137
1996,Portugal,Natação,,, pessoas,,4317
1996,Portugal,Orientação,,, pessoas,,670
1996,Portugal,Padel,,, pessoas,-,
1996,Portugal,Paraquedismo,,, pessoas,,1080
1996,Portugal,Patinagem,,, pessoas,,12537
1996,Portugal,Pentatlo Moderno,,, pessoas,,156
1996,Portugal,Pesca Desportiva,,, pessoas,,4250
1996,Portugal,Pesca Desportiva do Alto Mar,,, pessoas,,234
1996,Portugal,Petanca,,, pessoas,,932
1996,Portugal,Remo,,, pessoas,,1283
1996,Portugal,Rugby,,, pessoas,,2946
1996,Portugal,Ski Náutico,,, pessoas,,34
1996,Portugal,Squash,,, pessoas,,306
1996,Portugal,Surf,,, pessoas,-,
1996,Portugal,Taekwondo,,, pessoas,,423
1996,Portugal,Ténis,,, pessoas,,7957
1996,Portugal,Ténis de Mesa,,, pessoas,,4078
1996,Portugal,Tiro,,, pessoas,,2168
1996,Portugal,Tiro com Arco,,, pessoas,,401
1996,Portugal,Tiro com Armas de Caça,,, pessoas,,2367
1996,Portugal,Total,,, pessoas,,265588
1996,Portugal,Trampolins e Desp. Acrobáticos,,, pessoas,,3219
1996,Portugal,Triatlo,,, pessoas,,268
1996,Portugal,Vela,,, pessoas,,1878
1996,Portugal,Voleibol,,, pessoas,,6199
1996,Portugal,Voo Livre,,, pessoas,,648
1996,Portugal,Xadrez,,, pessoas,,2681
1997,Portugal,Aeromodelismo,,, pessoas,,513
1997,Portugal,Aeronáutica,,, pessoas,-,
1997,Portugal,Aikido,,, pessoas,,427
1997,Portugal,Andebol,,, pessoas,,19501
1997,Portugal,Arqueiros e Besteiros,,, pessoas,,217
1997,Portugal,Artes Marciais Chinesas,,, pessoas,,580
1997,Portugal,Atividades Subaquáticas,,, pessoas,,1103
1997,Portugal,Atletismo,,, pessoas,,11977
1997,Portugal,Automobilismo,,, pessoas,,4282
1997,Portugal,Badminton,,, pessoas,,1641
1997,Portugal,Basebol e Softbol,,, pessoas,-,
1997,Portugal,Basquetebol,,, pessoas,,19138
1997,Portugal,Bilhar,,, pessoas,,534
1997,Portugal,Boxe,,, pessoas,,465
1997,Portugal,Bridge,,, pessoas,,995
1997,Portugal,Budo,,, pessoas,-,
1997,Portugal,Campismo e Montanhismo,,, pessoas,,278
1997,Portugal,Canoagem,,, pessoas,,2308
1997,Portugal,Ciclismo,,, pessoas,,2307
1997,Portugal,Columbofilia,,, pessoas,,16643
1997,Portugal,Corfebol,,, pessoas,,498
1997,Portugal,Damas,,, pessoas,,405
1997,Portugal,Dança Desportiva,,, pessoas,,138
1997,Portugal,Desporto para pessoas com deficiência,,, pessoas,,1078
1997,Portugal,Desporto Universitário,,, pessoas,-,
1997,Portugal,Desportos de inverno,,, pessoas,,73
1997,Portugal,Equestre,,, pessoas,,1194
1997,Portugal,Escalada de Competição,,, pessoas,-,
1997,Portugal,Esgrima,,, pessoas,,503
1997,Portugal,Futebol,,, pessoas,,97252
1997,Portugal,Futebol de Salão,,, pessoas,,4913
1997,Portugal,Ginástica,,, pessoas,,3107
1997,Portugal,Golfe,,, pessoas,,5519
1997,Portugal,Halterofilismo,,, pessoas,,238
1997,Portugal,Hóquei,,, pessoas,,1215
1997,Portugal,Hovercraft,,, pessoas,-,
1997,Portugal,Jet Ski,,, pessoas,,157
1997,Portugal,Ju-Jitsu e Disciplinas Associadas,,, pessoas,x,
1997,Portugal,Judo,,, pessoas,x,
1997,Portugal,Karate,,, pessoas,-,
1997,Portugal,Kickboxing,,, pessoas,,1327
1997,Portugal,Lohan Tao Kempo,,, pessoas,-,
1997,Portugal,Lutas Amadoras,,, pessoas,,1342
1997,Portugal,Minigolfe,,, pessoas,-,
1997,Portugal,Motociclismo,,, pessoas,,928
1997,Portugal,Motonáutica,,, pessoas,,146
1997,Portugal,Natação,,, pessoas,,4981
1997,Portugal,Orientação,,, pessoas,,786
1997,Portugal,Padel,,, pessoas,-,
1997,Portugal,Paraquedismo,,, pessoas,,1096
1997,Portugal,Patinagem,,, pessoas,,8091
1997,Portugal,Pentatlo Moderno,,, pessoas,,131
1997,Portugal,Pesca Desportiva,,, pessoas,,3957
1997,Portugal,Pesca Desportiva do Alto Mar,,, pessoas,,119
1997,Portugal,Petanca,,, pessoas,,931
1997,Portugal,Remo,,, pessoas,,1197
1997,Portugal,Rugby,,, pessoas,,3126
1997,Portugal,Ski Náutico,,, pessoas,,34
1997,Portugal,Squash,,, pessoas,,240
1997,Portugal,Surf,,, pessoas,,1026
1997,Portugal,Taekwondo,,, pessoas,,1282
1997,Portugal,Ténis,,, pessoas,,7940
1997,Portugal,Ténis de Mesa,,, pessoas,,4456
1997,Portugal,Tiro,,, pessoas,,2247
1997,Portugal,Tiro com Arco,,, pessoas,,337
1997,Portugal,Tiro com Armas de Caça,,, pessoas,,2502
1997,Portugal,Total,,, pessoas,,271470
1997,Portugal,Trampolins e Desp. Acrobáticos,,, pessoas,,3355
1997,Portugal,Triatlo,,, pessoas,,314
1997,Portugal,Vela,,, pessoas,,2399
1997,Portugal,Voleibol,,, pessoas,,7278
1997,Portugal,Voo Livre,,, pessoas,,560
1997,Portugal,Xadrez,,, pessoas,,2781
1998,Portugal,Aeromodelismo,,, pessoas,,540
1998,Portugal,Aeronáutica,,, pessoas,-,
1998,Portugal,Aikido,,, pessoas,,469
1998,Portugal,Andebol,,, pessoas,,20306
1998,Portugal,Arqueiros e Besteiros,,, pessoas,,231
1998,Portugal,Artes Marciais Chinesas,,, pessoas,,303
1998,Portugal,Atividades Subaquáticas,,, pessoas,,2311
1998,Portugal,Atletismo,,, pessoas,,12420
1998,Portugal,Automobilismo,,, pessoas,,4390
1998,Portugal,Badminton,,, pessoas,,1919
1998,Portugal,Basebol e Softbol,,, pessoas,-,
1998,Portugal,Basquetebol,,, pessoas,,19831
1998,Portugal,Bilhar,,, pessoas,,900
1998,Portugal,Boxe,,, pessoas,,431
1998,Portugal,Bridge,,, pessoas,,995
1998,Portugal,Budo,,, pessoas,-,
1998,Portugal,Campismo e Montanhismo,,, pessoas,,320
1998,Portugal,Canoagem,,, pessoas,,2253
1998,Portugal,Ciclismo,,, pessoas,,2328
1998,Portugal,Columbofilia,,, pessoas,,17982
1998,Portugal,Corfebol,,, pessoas,,668
1998,Portugal,Damas,,, pessoas,,391
1998,Portugal,Dança Desportiva,,, pessoas,,200
1998,Portugal,Desporto para pessoas com deficiência,,, pessoas,,1878
1998,Portugal,Desporto Universitário,,, pessoas,-,
1998,Portugal,Desportos de inverno,,, pessoas,,47
1998,Portugal,Equestre,,, pessoas,,1099
1998,Portugal,Escalada de Competição,,, pessoas,-,
1998,Portugal,Esgrima,,, pessoas,,402
1998,Portugal,Futebol,,, pessoas,,106051
1998,Portugal,Futebol de Salão,,, pessoas,,4584
1998,Portugal,Ginástica,,, pessoas,,5195
1998,Portugal,Golfe,,, pessoas,,6307
1998,Portugal,Halterofilismo,,, pessoas,,203
1998,Portugal,Hóquei,,, pessoas,,913
1998,Portugal,Hovercraft,,, pessoas,-,
1998,Portugal,Jet Ski,,, pessoas,,180
1998,Portugal,Ju-Jitsu e Disciplinas Associadas,,, pessoas,x,
1998,Portugal,Judo,,, pessoas,x,
1998,Portugal,Karate,,, pessoas,,10141
1998,Portugal,Kickboxing,,, pessoas,,2733
1998,Portugal,Lohan Tao Kempo,,, pessoas,-,
1998,Portugal,Lutas Amadoras,,, pessoas,,1391
1998,Portugal,Minigolfe,,, pessoas,,144
1998,Portugal,Motociclismo,,, pessoas,,966
1998,Portugal,Motonáutica,,, pessoas,,131
1998,Portugal,Natação,,, pessoas,,5404
1998,Portugal,Orientação,,, pessoas,,1024
1998,Portugal,Padel,,, pessoas,-,
1998,Portugal,Paraquedismo,,, pessoas,,1127
1998,Portugal,Patinagem,,, pessoas,,10141
1998,Portugal,Pentatlo Moderno,,, pessoas,,412
1998,Portugal,Pesca Desportiva,,, pessoas,,4263
1998,Portugal,Pesca Desportiva do Alto Mar,,, pessoas,,156
1998,Portugal,Petanca,,, pessoas,,887
1998,Portugal,Remo,,, pessoas,,1211
1998,Portugal,Rugby,,, pessoas,,3584
1998,Portugal,Ski Náutico,,, pessoas,,26
1998,Portugal,Squash,,, pessoas,,274
1998,Portugal,Surf,,, pessoas,,1215
1998,Portugal,Taekwondo,,, pessoas,,1258
1998,Portugal,Ténis,,, pessoas,,8903
1998,Portugal,Ténis de Mesa,,, pessoas,,4441
1998,Portugal,Tiro,,, pessoas,,2884
1998,Portugal,Tiro com Arco,,, pessoas,,243
1998,Portugal,Tiro com Armas de Caça,,, pessoas,,2807
1998,Portugal,Total,,, pessoas,,308233
1998,Portugal,Trampolins e Desp. Acrobáticos,,, pessoas,,3017
1998,Portugal,Triatlo,,, pessoas,,392
1998,Portugal,Vela,,, pessoas,,2435
1998,Portugal,Voleibol,,, pessoas,,8028
1998,Portugal,Voo Livre,,, pessoas,,774
1998,Portugal,Xadrez,,, pessoas,,3388
1999,Portugal,Aeromodelismo,,, pessoas,,614
1999,Portugal,Aeronáutica,,, pessoas,-,
1999,Portugal,Aikido,,, pessoas,,523
1999,Portugal,Andebol,,, pessoas,,21731
1999,Portugal,Arqueiros e Besteiros,,, pessoas,,211
1999,Portugal,Artes Marciais Chinesas,,, pessoas,,463
1999,Portugal,Atividades Subaquáticas,,, pessoas,,2308
1999,Portugal,Atletismo,,, pessoas,,12776
1999,Portugal,Automobilismo,,, pessoas,,5239
1999,Portugal,Badminton,,, pessoas,,1622
1999,Portugal,Basebol e Softbol,,, pessoas,-,
1999,Portugal,Basquetebol,,, pessoas,,20869
1999,Portugal,Bilhar,,, pessoas,,584
1999,Portugal,Boxe,,, pessoas,,349
1999,Portugal,Bridge,,, pessoas,,978
1999,Portugal,Budo,,, pessoas,-,
1999,Portugal,Campismo e Montanhismo,,, pessoas,,440
1999,Portugal,Canoagem,,, pessoas,,1593
1999,Portugal,Ciclismo,,, pessoas,,4151
1999,Portugal,Columbofilia,,, pessoas,,17458
1999,Portugal,Corfebol,,, pessoas,,669
1999,Portugal,Damas,,, pessoas,,358
1999,Portugal,Dança Desportiva,,, pessoas,,456
1999,Portugal,Desporto para pessoas com deficiência,,, pessoas,,2699
1999,Portugal,Desporto Universitário,,, pessoas,-,
1999,Portugal,Desportos de inverno,,, pessoas,,58
1999,Portugal,Equestre,,, pessoas,,1085
1999,Portugal,Escalada de Competição,,, pessoas,-,
1999,Portugal,Esgrima,,, pessoas,,575
1999,Portugal,Futebol,,, pessoas,,110822
1999,Portugal,Futebol de Salão,,, pessoas,,4218
1999,Portugal,Ginástica,,, pessoas,,5860
1999,Portugal,Golfe,,, pessoas,,7548
1999,Portugal,Halterofilismo,,, pessoas,,139
1999,Portugal,Hóquei,,, pessoas,,852
1999,Portugal,Hovercraft,,, pessoas,-,
1999,Portugal,Jet Ski,,, pessoas,,263
1999,Portugal,Ju-Jitsu e Disciplinas Associadas,,, pessoas,x,
1999,Portugal,Judo,,, pessoas,x,
1999,Portugal,Karate,,, pessoas,,10005
1999,Portugal,Kickboxing,,, pessoas,,2020
1999,Portugal,Lohan Tao Kempo,,, pessoas,-,
1999,Portugal,Lutas Amadoras,,, pessoas,,1529
1999,Portugal,Minigolfe,,, pessoas,,178
1999,Portugal,Motociclismo,,, pessoas,,912
1999,Portugal,Motonáutica,,, pessoas,,130
1999,Portugal,Natação,,, pessoas,,6138
1999,Portugal,Orientação,,, pessoas,,910
1999,Portugal,Padel,,, pessoas,-,
1999,Portugal,Paraquedismo,,, pessoas,,1108
1999,Portugal,Patinagem,,, pessoas,,10005
1999,Portugal,Pentatlo Moderno,,, pessoas,,401
1999,Portugal,Pesca Desportiva,,, pessoas,,3941
1999,Portugal,Pesca Desportiva do Alto Mar,,, pessoas,,192
1999,Portugal,Petanca,,, pessoas,,1005
1999,Portugal,Remo,,, pessoas,,1257
1999,Portugal,Rugby,,, pessoas,,3727
1999,Portugal,Ski Náutico,,, pessoas,,26
1999,Portugal,Squash,,, pessoas,,381
1999,Portugal,Surf,,, pessoas,,568
1999,Portugal,Taekwondo,,, pessoas,,1916
1999,Portugal,Ténis,,, pessoas,,9185
1999,Portugal,Ténis de Mesa,,, pessoas,,4320
1999,Portugal,Tiro,,, pessoas,,3332
1999,Portugal,Tiro com Arco,,, pessoas,,284
1999,Portugal,Tiro com Armas de Caça,,, pessoas,,2934
1999,Portugal,Total,,, pessoas,,321723
1999,Portugal,Trampolins e Desp. Acrobáticos,,, pessoas,,3232
1999,Portugal,Triatlo,,, pessoas,,421
1999,Portugal,Vela,,, pessoas,,2469
1999,Portugal,Voleibol,,, pessoas,,8140
1999,Portugal,Voo Livre,,, pessoas,,712
1999,Portugal,Xadrez,,, pessoas,,3575
2000,Portugal,Aeromodelismo,,, pessoas,,661
2000,Portugal,Aeronáutica,,, pessoas,,3067
2000,Portugal,Aikido,,, pessoas,,536
2000,Portugal,Andebol,,, pessoas,,22032
2000,Portugal,Arqueiros e Besteiros,,, pessoas,,164
2000,Portugal,Artes Marciais Chinesas,,, pessoas,,475
2000,Portugal,Atividades Subaquáticas,,, pessoas,,2591
2000,Portugal,Atletismo,,, pessoas,,12524
2000,Portugal,Automobilismo,,, pessoas,,5437
2000,Portugal,Badminton,,, pessoas,,1232
2000,Portugal,Basebol e Softbol,,, pessoas,-,
2000,Portugal,Basquetebol,,, pessoas,,20278
2000,Portugal,Bilhar,,, pessoas,,595
2000,Portugal,Boxe,,, pessoas,,205
2000,Portugal,Bridge,,, pessoas,,998
2000,Portugal,Budo,,, pessoas,-,
2000,Portugal,Campismo e Montanhismo,,, pessoas,,805
2000,Portugal,Canoagem,,, pessoas,,1471
2000,Portugal,Ciclismo,,, pessoas,,4241
2000,Portugal,Columbofilia,,, pessoas,,17572
2000,Portugal,Corfebol,,, pessoas,,656
2000,Portugal,Damas,,, pessoas,,353
2000,Portugal,Dança Desportiva,,, pessoas,,617
2000,Portugal,Desporto para pessoas com deficiência,,, pessoas,,2235
2000,Portugal,Desporto Universitário,,, pessoas,-,
2000,Portugal,Desportos de inverno,,, pessoas,,140
2000,Portugal,Equestre,,, pessoas,,1154
2000,Portugal,Escalada de Competição,,, pessoas,-,
2000,Portugal,Esgrima,,, pessoas,,647
2000,Portugal,Futebol,,, pessoas,,113895
2000,Portugal,Futebol de Salão,,, pessoas,,3194
2000,Portugal,Ginástica,,, pessoas,,6339
2000,Portugal,Golfe,,, pessoas,,9438
2000,Portugal,Halterofilismo,,, pessoas,,135
2000,Portugal,Hóquei,,, pessoas,,719
2000,Portugal,Hovercraft,,, pessoas,-,
2000,Portugal,Jet Ski,,, pessoas,,365
2000,Portugal,Ju-Jitsu e Disciplinas Associadas,,, pessoas,x,
2000,Portugal,Judo,,, pessoas,x,
2000,Portugal,Karate,,, pessoas,-,
2000,Portugal,Kickboxing,,, pessoas,,2034
2000,Portugal,Lohan Tao Kempo,,, pessoas,-,
2000,Portugal,Lutas Amadoras,,, pessoas,,995
2000,Portugal,Minigolfe,,, pessoas,,187
2000,Portugal,Motociclismo,,, pessoas,,1160
2000,Portugal,Motonáutica,,, pessoas,,152
2000,Portugal,Natação,,, pessoas,,5630
2000,Portugal,Orientação,,, pessoas,,1190
2000,Portugal,Padel,,, pessoas,-,
2000,Portugal,Paraquedismo,,, pessoas,,1160
2000,Portugal,Patinagem,,, pessoas,,10319
2000,Portugal,Pentatlo Moderno,,, pessoas,,187
2000,Portugal,Pesca Desportiva,,, pessoas,,3975
2000,Portugal,Pesca Desportiva do Alto Mar,,, pessoas,,379
2000,Portugal,Petanca,,, pessoas,,1051
2000,Portugal,Remo,,, pessoas,,1270
2000,Portugal,Rugby,,, pessoas,,3721
2000,Portugal,Ski Náutico,,, pessoas,,63
2000,Portugal,Squash,,, pessoas,-,
2000,Portugal,Surf,,, pessoas,,921
2000,Portugal,Taekwondo,,, pessoas,,1963
2000,Portugal,Ténis,,, pessoas,,10204
2000,Portugal,Ténis de Mesa,,, pessoas,,4593
2000,Portugal,Tiro,,, pessoas,,3519
2000,Portugal,Tiro com Arco,,, pessoas,,335
2000,Portugal,Tiro com Armas de Caça,,, pessoas,,2589
2000,Portugal,Total,,, pessoas,,322761
2000,Portugal,Trampolins e Desp. Acrobáticos,,, pessoas,,2575
2000,Portugal,Triatlo,,, pessoas,,440
2000,Portugal,Vela,,, pessoas,,2712
2000,Portugal,Voleibol,,, pessoas,,9813
2000,Portugal,Voo Livre,,, pessoas,,794
2000,Portugal,Xadrez,,, pessoas,,3707
2001,Portugal,Aeromodelismo,,, pessoas,,740
2001,Portugal,Aeronáutica,,, pessoas,,3313
2001,Portugal,Aikido,,, pessoas,,614
2001,Portugal,Andebol,,, pessoas,,22152
2001,Portugal,Arqueiros e Besteiros,,, pessoas,,152
2001,Portugal,Artes Marciais Chinesas,,, pessoas,,218
2001,Portugal,Atividades Subaquáticas,,, pessoas,,3198
2001,Portugal,Atletismo,,, pessoas,,12085
2001,Portugal,Automobilismo,,, pessoas,,3777
2001,Portugal,Badminton,,, pessoas,,2077
2001,Portugal,Basebol e Softbol,,, pessoas,-,
2001,Portugal,Basquetebol,,, pessoas,,19994
2001,Portugal,Bilhar,,, pessoas,,973
2001,Portugal,Boxe,,, pessoas,,362
2001,Portugal,Bridge,,, pessoas,,918
2001,Portugal,Budo,,, pessoas,,242
2001,Portugal,Campismo e Montanhismo,,, pessoas,,1256
2001,Portugal,Canoagem,,, pessoas,,1581
2001,Portugal,Ciclismo,,, pessoas,,4191
2001,Portugal,Columbofilia,,, pessoas,,17712
2001,Portugal,Corfebol,,, pessoas,,684
2001,Portugal,Damas,,, pessoas,,381
2001,Portugal,Dança Desportiva,,, pessoas,,898
2001,Portugal,Desporto para pessoas com deficiência,,, pessoas,,2262
2001,Portugal,Desporto Universitário,,, pessoas,-,
2001,Portugal,Desportos de inverno,,, pessoas,,155
2001,Portugal,Equestre,,, pessoas,,1015
2001,Portugal,Escalada de Competição,,, pessoas,-,
2001,Portugal,Esgrima,,, pessoas,,724
2001,Portugal,Futebol,,, pessoas,,115283
2001,Portugal,Futebol de Salão,,, pessoas,,2757
2001,Portugal,Ginástica,,, pessoas,,5362
2001,Portugal,Golfe,,, pessoas,,12111
2001,Portugal,Halterofilismo,,, pessoas,-,
2001,Portugal,Hóquei,,, pessoas,,724
2001,Portugal,Hovercraft,,, pessoas,-,
2001,Portugal,Jet Ski,,, pessoas,,459
2001,Portugal,Ju-Jitsu e Disciplinas Associadas,,, pessoas,x,
2001,Portugal,Judo,,, pessoas,x,
2001,Portugal,Karate,,, pessoas,-,
2001,Portugal,Kickboxing,,, pessoas,,2639
2001,Portugal,Lohan Tao Kempo,,, pessoas,-,
2001,Portugal,Lutas Amadoras,,, pessoas,,1117
2001,Portugal,Minigolfe,,, pessoas,,208
2001,Portugal,Motociclismo,,, pessoas,,1258
2001,Portugal,Motonáutica,,, pessoas,,150
2001,Portugal,Natação,,, pessoas,,6108
2001,Portugal,Orientação,,, pessoas,,1268
2001,Portugal,Padel,,, pessoas,-,
2001,Portugal,Paraquedismo,,, pessoas,,1197
2001,Portugal,Patinagem,,, pessoas,,10029
2001,Portugal,Pentatlo Moderno,,, pessoas,,149
2001,Portugal,Pesca Desportiva,,, pessoas,,4065
2001,Portugal,Pesca Desportiva do Alto Mar,,, pessoas,,503
2001,Portugal,Petanca,,, pessoas,,1100
2001,Portugal,Remo,,, pessoas,,1273
2001,Portugal,Rugby,,, pessoas,,3615
2001,Portugal,Ski Náutico,,, pessoas,,58
2001,Portugal,Squash,,, pessoas,-,
2001,Portugal,Surf,,, pessoas,,1186
2001,Portugal,Taekwondo,,, pessoas,,2128
2001,Portugal,Ténis,,, pessoas,,11425
2001,Portugal,Ténis de Mesa,,, pessoas,,4867
2001,Portugal,Tiro,,, pessoas,,4298
2001,Portugal,Tiro com Arco,,, pessoas,,297
2001,Portugal,Tiro com Armas de Caça,,, pessoas,,3101
2001,Portugal,Total,,, pessoas,,334968
2001,Portugal,Trampolins e Desp. Acrobáticos,,, pessoas,,2676
2001,Portugal,Triatlo,,, pessoas,,460
2001,Portugal,Vela,,, pessoas,,2761
2001,Portugal,Voleibol,,, pessoas,,12286
2001,Portugal,Voo Livre,,, pessoas,,821
2001,Portugal,Xadrez,,, pessoas,,3819
2002,Portugal,Aeromodelismo,,, pessoas,,816
2002,Portugal,Aeronáutica,,, pessoas,,3359
2002,Portugal,Aikido,,, pessoas,,638
2002,Portugal,Andebol,,, pessoas,,24537
2002,Portugal,Arqueiros e Besteiros,,, pessoas,,178
2002,Portugal,Artes Marciais Chinesas,,, pessoas,,319
2002,Portugal,Atividades Subaquáticas,,, pessoas,,2873
2002,Portugal,Atletismo,,, pessoas,,12532
2002,Portugal,Automobilismo,,, pessoas,,3962
2002,Portugal,Badminton,,, pessoas,,1086
2002,Portugal,Basebol e Softbol,,, pessoas,-,
2002,Portugal,Basquetebol,,, pessoas,,20878
2002,Portugal,Bilhar,,, pessoas,,1072
2002,Portugal,Boxe,,, pessoas,,327
2002,Portugal,Bridge,,, pessoas,,1040
2002,Portugal,Budo,,, pessoas,,321
2002,Portugal,Campismo e Montanhismo,,, pessoas,,1596
2002,Portugal,Canoagem,,, pessoas,,1590
2002,Portugal,Ciclismo,,, pessoas,,4031
2002,Portugal,Columbofilia,,, pessoas,,17914
2002,Portugal,Corfebol,,, pessoas,,216
2002,Portugal,Damas,,, pessoas,,451
2002,Portugal,Dança Desportiva,,, pessoas,,1223
2002,Portugal,Desporto para pessoas com deficiência,,, pessoas,,2119
2002,Portugal,Desporto Universitário,,, pessoas,,3259
2002,Portugal,Desportos de inverno,,, pessoas,,183
2002,Portugal,Equestre,,, pessoas,,1150
2002,Portugal,Escalada de Competição,,, pessoas,-,
2002,Portugal,Esgrima,,, pessoas,,748
2002,Portugal,Futebol,,, pessoas,,120003
2002,Portugal,Futebol de Salão,,, pessoas,-,
2002,Portugal,Ginástica,,, pessoas,,10481
2002,Portugal,Golfe,,, pessoas,,13065
2002,Portugal,Halterofilismo,,, pessoas,-,
2002,Portugal,Hóquei,,, pessoas,,700
2002,Portugal,Hovercraft,,, pessoas,-,
2002,Portugal,Jet Ski,,, pessoas,,573
2002,Portugal,Ju-Jitsu e Disciplinas Associadas,,, pessoas,x,
2002,Portugal,Judo,,, pessoas,x,
2002,Portugal,Karate,,, pessoas,,11865
2002,Portugal,Kickboxing,,, pessoas,,2739
2002,Portugal,Lohan Tao Kempo,,, pessoas,-,
2002,Portugal,Lutas Amadoras,,, pessoas,,1371
2002,Portugal,Minigolfe,,, pessoas,,209
2002,Portugal,Motociclismo,,, pessoas,,1098
2002,Portugal,Motonáutica,,, pessoas,,464
2002,Portugal,Natação,,, pessoas,,6350
2002,Portugal,Orientação,,, pessoas,,1777
2002,Portugal,Padel,,, pessoas,-,
2002,Portugal,Paraquedismo,,, pessoas,,1171
2002,Portugal,Patinagem,,, pessoas,,9979
2002,Portugal,Pentatlo Moderno,,, pessoas,,227
2002,Portugal,Pesca Desportiva,,, pessoas,,3966
2002,Portugal,Pesca Desportiva do Alto Mar,,, pessoas,,448
2002,Portugal,Petanca,,, pessoas,,1138
2002,Portugal,Remo,,, pessoas,,1319
2002,Portugal,Rugby,,, pessoas,,3636
2002,Portugal,Ski Náutico,,, pessoas,,82
2002,Portugal,Squash,,, pessoas,-,
2002,Portugal,Surf,,, pessoas,,1505
2002,Portugal,Taekwondo,,, pessoas,,2239
2002,Portugal,Ténis,,, pessoas,,12438
2002,Portugal,Ténis de Mesa,,, pessoas,,4640
2002,Portugal,Tiro,,, pessoas,,4933
2002,Portugal,Tiro com Arco,,, pessoas,,232
2002,Portugal,Tiro com Armas de Caça,,, pessoas,,3409
2002,Portugal,Total,,, pessoas,,368684
2002,Portugal,Trampolins e Desp. Acrobáticos,,, pessoas,,2578
2002,Portugal,Triatlo,,, pessoas,,700
2002,Portugal,Vela,,, pessoas,,2671
2002,Portugal,Voleibol,,, pessoas,,15746
2002,Portugal,Voo Livre,,, pessoas,,774
2002,Portugal,Xadrez,,, pessoas,,3859
2003,Portugal,Aeromodelismo,,, pessoas,,908
2003,Portugal,Aeronáutica,,, pessoas,,66
2003,Portugal,Aikido,,, pessoas,,687
2003,Portugal,Andebol,,, pessoas,,27294
2003,Portugal,Arqueiros e Besteiros,,, pessoas,,165
2003,Portugal,Artes Marciais Chinesas,,, pessoas,,384
2003,Portugal,Atividades Subaquáticas,,, pessoas,,2794
2003,Portugal,Atletismo,,, pessoas,,12441
2003,Portugal,Automobilismo,,, pessoas,,3982
2003,Portugal,Badminton,,, pessoas,,931
2003,Portugal,Basebol e Softbol,,, pessoas,-,
2003,Portugal,Basquetebol,,, pessoas,,19364
2003,Portugal,Bilhar,,, pessoas,,1283
2003,Portugal,Boxe,,, pessoas,,375
2003,Portugal,Bridge,,, pessoas,,1055
2003,Portugal,Budo,,, pessoas,,420
2003,Portugal,Campismo e Montanhismo,,, pessoas,,1426
2003,Portugal,Canoagem,,, pessoas,,1863
2003,Portugal,Ciclismo,,, pessoas,,4294
2003,Portugal,Columbofilia,,, pessoas,,18105
2003,Portugal,Corfebol,,, pessoas,,222
2003,Portugal,Damas,,, pessoas,,426
2003,Portugal,Dança Desportiva,,, pessoas,,1290
2003,Portugal,Desporto para pessoas com deficiência,,, pessoas,,2768
2003,Portugal,Desporto Universitário,,, pessoas,,3380
2003,Portugal,Desportos de inverno,,, pessoas,,164
2003,Portugal,Equestre,,, pessoas,,2420
2003,Portugal,Escalada de Competição,,, pessoas,-,
2003,Portugal,Esgrima,,, pessoas,,858
2003,Portugal,Futebol,,, pessoas,,128471
2003,Portugal,Futebol de Salão,,, pessoas,-,
2003,Portugal,Ginástica,,, pessoas,,6422
2003,Portugal,Golfe,,, pessoas,,14271
2003,Portugal,Halterofilismo,,, pessoas,-,
2003,Portugal,Hóquei,,, pessoas,,754
2003,Portugal,Hovercraft,,, pessoas,-,
2003,Portugal,Jet Ski,,, pessoas,,589
2003,Portugal,Ju-Jitsu e Disciplinas Associadas,,, pessoas,x,
2003,Portugal,Judo,,, pessoas,x,
2003,Portugal,Karate,,, pessoas,,9178
2003,Portugal,Kickboxing,,, pessoas,,2354
2003,Portugal,Lohan Tao Kempo,,, pessoas,-,
2003,Portugal,Lutas Amadoras,,, pessoas,,1585
2003,Portugal,Minigolfe,,, pessoas,,213
2003,Portugal,Motociclismo,,, pessoas,,1363
2003,Portugal,Motonáutica,,, pessoas,,288
2003,Portugal,Natação,,, pessoas,,7138
2003,Portugal,Orientação,,, pessoas,,1914
2003,Portugal,Padel,,, pessoas,-,
2003,Portugal,Paraquedismo,,, pessoas,,1006
2003,Portugal,Patinagem,,, pessoas,,10593
2003,Portugal,Pentatlo Moderno,,, pessoas,,309
2003,Portugal,Pesca Desportiva,,, pessoas,,4132
2003,Portugal,Pesca Desportiva do Alto Mar,,, pessoas,,289
2003,Portugal,Petanca,,, pessoas,,1158
2003,Portugal,Remo,,, pessoas,,1326
2003,Portugal,Rugby,,, pessoas,,3919
2003,Portugal,Ski Náutico,,, pessoas,,97
2003,Portugal,Squash,,, pessoas,-,
2003,Portugal,Surf,,, pessoas,,1363
2003,Portugal,Taekwondo,,, pessoas,,2748
2003,Portugal,Ténis,,, pessoas,,12368
2003,Portugal,Ténis de Mesa,,, pessoas,,4470
2003,Portugal,Tiro,,, pessoas,,4100
2003,Portugal,Tiro com Arco,,, pessoas,,282
2003,Portugal,Tiro com Armas de Caça,,, pessoas,,4133
2003,Portugal,Total,,, pessoas,,376465
2003,Portugal,Trampolins e Desp. Acrobáticos,,, pessoas,,2653
2003,Portugal,Triatlo,,, pessoas,,875
2003,Portugal,Vela,,, pessoas,,2917
2003,Portugal,Voleibol,,, pessoas,,16408
2003,Portugal,Voo Livre,,, pessoas,,809
2003,Portugal,Xadrez,,, pessoas,,4449
2004,Portugal,Aeromodelismo,,, pessoas,,988
2004,Portugal,Aeronáutica,,, pessoas,,68
2004,Portugal,Aikido,,, pessoas,,881
2004,Portugal,Andebol,,, pessoas,,30994
2004,Portugal,Arqueiros e Besteiros,,, pessoas,,129
2004,Portugal,Artes Marciais Chinesas,,, pessoas,,143
2004,Portugal,Atividades Subaquáticas,,, pessoas,,2444
2004,Portugal,Atletismo,,, pessoas,,12289
2004,Portugal,Automobilismo,,, pessoas,,3313
2004,Portugal,Badminton,,, pessoas,,842
2004,Portugal,Basebol e Softbol,,, pessoas,-,
2004,Portugal,Basquetebol,,, pessoas,,17269
2004,Portugal,Bilhar,,, pessoas,,1455
2004,Portugal,Boxe,,, pessoas,,358
2004,Portugal,Bridge,,, pessoas,,1077
2004,Portugal,Budo,,, pessoas,-,
2004,Portugal,Campismo e Montanhismo,,, pessoas,,1593
2004,Portugal,Canoagem,,, pessoas,,1885
2004,Portugal,Ciclismo,,, pessoas,,4462
2004,Portugal,Columbofilia,,, pessoas,,17617
2004,Portugal,Corfebol,,, pessoas,,203
2004,Portugal,Damas,,, pessoas,,309
2004,Portugal,Dança Desportiva,,, pessoas,,723
2004,Portugal,Desporto para pessoas com deficiência,,, pessoas,,2233
2004,Portugal,Desporto Universitário,,, pessoas,,3379
2004,Portugal,Desportos de inverno,,, pessoas,-,
2004,Portugal,Equestre,,, pessoas,,3483
2004,Portugal,Escalada de Competição,,, pessoas,-,
2004,Portugal,Esgrima,,, pessoas,,914
2004,Portugal,Futebol,,, pessoas,,133511
2004,Portugal,Futebol de Salão,,, pessoas,-,
2004,Portugal,Ginástica,,, pessoas,,14584
2004,Portugal,Golfe,,, pessoas,,15711
2004,Portugal,Halterofilismo,,, pessoas,-,
2004,Portugal,Hóquei,,, pessoas,,697
2004,Portugal,Hovercraft,,, pessoas,-,
2004,Portugal,Jet Ski,,, pessoas,,614
2004,Portugal,Ju-Jitsu e Disciplinas Associadas,,, pessoas,x,
2004,Portugal,Judo,,, pessoas,x,
2004,Portugal,Karate,,, pessoas,,14212
2004,Portugal,Kickboxing,,, pessoas,,2455
2004,Portugal,Lohan Tao Kempo,,, pessoas,-,
2004,Portugal,Lutas Amadoras,,, pessoas,,1322
2004,Portugal,Minigolfe,,, pessoas,,247
2004,Portugal,Motociclismo,,, pessoas,,1084
2004,Portugal,Motonáutica,,, pessoas,,278
2004,Portugal,Natação,,, pessoas,,6880
2004,Portugal,Orientação,,, pessoas,,2024
2004,Portugal,Padel,,, pessoas,-,
2004,Portugal,Paraquedismo,,, pessoas,,743
2004,Portugal,Patinagem,,, pessoas,,10356
2004,Portugal,Pentatlo Moderno,,, pessoas,,234
2004,Portugal,Pesca Desportiva,,, pessoas,,3923
2004,Portugal,Pesca Desportiva do Alto Mar,,, pessoas,,280
2004,Portugal,Petanca,,, pessoas,,1163
2004,Portugal,Remo,,, pessoas,,1283
2004,Portugal,Rugby,,, pessoas,,3820
2004,Portugal,Ski Náutico,,, pessoas,,302
2004,Portugal,Squash,,, pessoas,-,
2004,Portugal,Surf,,, pessoas,,1414
2004,Portugal,Taekwondo,,, pessoas,,2778
2004,Portugal,Ténis,,, pessoas,,11536
2004,Portugal,Ténis de Mesa,,, pessoas,,4320
2004,Portugal,Tiro,,, pessoas,,3890
2004,Portugal,Tiro com Arco,,, pessoas,,273
2004,Portugal,Tiro com Armas de Caça,,, pessoas,,6301
2004,Portugal,Total,,, pessoas,,401890
2004,Portugal,Trampolins e Desp. Acrobáticos,,, pessoas,,2729
2004,Portugal,Triatlo,,, pessoas,,597
2004,Portugal,Vela,,, pessoas,,2972
2004,Portugal,Voleibol,,, pessoas,,27003
2004,Portugal,Voo Livre,,, pessoas,,805
2004,Portugal,Xadrez,,, pessoas,,3959
2005,Portugal,Aeromodelismo,,, pessoas,,1190
2005,Portugal,Aeronáutica,,, pessoas,,66
2005,Portugal,Aikido,,, pessoas,,847
2005,Portugal,Andebol,,, pessoas,,30760
2005,Portugal,Arqueiros e Besteiros,,, pessoas,,156
2005,Portugal,Artes Marciais Chinesas,,, pessoas,-,
2005,Portugal,Atividades Subaquáticas,,, pessoas,,2186
2005,Portugal,Atletismo,,, pessoas,,10760
2005,Portugal,Automobilismo,,, pessoas,,3100
2005,Portugal,Badminton,,, pessoas,,916
2005,Portugal,Basebol e Softbol,,, pessoas,,859
2005,Portugal,Basquetebol,,, pessoas,,17694
2005,Portugal,Bilhar,,, pessoas,,880
2005,Portugal,Boxe,,, pessoas,,373
2005,Portugal,Bridge,,, pessoas,,812
2005,Portugal,Budo,,, pessoas,-,
2005,Portugal,Campismo e Montanhismo,,, pessoas,,49676
2005,Portugal,Canoagem,,, pessoas,,1913
2005,Portugal,Ciclismo,,, pessoas,,4210
2005,Portugal,Columbofilia,,, pessoas,,17777
2005,Portugal,Corfebol,,, pessoas,,230
2005,Portugal,Damas,,, pessoas,,415
2005,Portugal,Dança Desportiva,,, pessoas,,966
2005,Portugal,Desporto para pessoas com deficiência,,, pessoas,,2911
2005,Portugal,Desporto Universitário,,, pessoas,,3260
2005,Portugal,Desportos de inverno,,, pessoas,,183
2005,Portugal,Equestre,,, pessoas,,3875
2005,Portugal,Escalada de Competição,,, pessoas,-,
2005,Portugal,Esgrima,,, pessoas,,1046
2005,Portugal,Futebol,,, pessoas,,131835
2005,Portugal,Futebol de Salão,,, pessoas,-,
2005,Portugal,Ginástica,,, pessoas,,13456
2005,Portugal,Golfe,,, pessoas,,15852
2005,Portugal,Halterofilismo,,, pessoas,-,
2005,Portugal,Hóquei,,, pessoas,,1052
2005,Portugal,Hovercraft,,, pessoas,-,
2005,Portugal,Jet Ski,,, pessoas,,614
2005,Portugal,Ju-Jitsu e Disciplinas Associadas,,, pessoas,x,
2005,Portugal,Judo,,, pessoas,x,
2005,Portugal,Karate,,, pessoas,,14070
2005,Portugal,Kickboxing,,, pessoas,,2502
2005,Portugal,Lohan Tao Kempo,,, pessoas,-,
2005,Portugal,Lutas Amadoras,,, pessoas,,1179
2005,Portugal,Minigolfe,,, pessoas,,308
2005,Portugal,Motociclismo,,, pessoas,,1031
2005,Portugal,Motonáutica,,, pessoas,,48
2005,Portugal,Natação,,, pessoas,,7284
2005,Portugal,Orientação,,, pessoas,,2018
2005,Portugal,Padel,,, pessoas,-,
2005,Portugal,Paraquedismo,,, pessoas,,885
2005,Portugal,Patinagem,,, pessoas,,9976
2005,Portugal,Pentatlo Moderno,,, pessoas,,206
2005,Portugal,Pesca Desportiva,,, pessoas,,3757
2005,Portugal,Pesca Desportiva do Alto Mar,,, pessoas,,251
2005,Portugal,Petanca,,, pessoas,,1151
2005,Portugal,Remo,,, pessoas,,1273
2005,Portugal,Rugby,,, pessoas,,2543
2005,Portugal,Ski Náutico,,, pessoas,-,
2005,Portugal,Squash,,, pessoas,-,
2005,Portugal,Surf,,, pessoas,,1586
2005,Portugal,Taekwondo,,, pessoas,,2507
2005,Portugal,Ténis,,, pessoas,,14175
2005,Portugal,Ténis de Mesa,,, pessoas,,3975
2005,Portugal,Tiro,,, pessoas,,5057
2005,Portugal,Tiro com Arco,,, pessoas,,278
2005,Portugal,Tiro com Armas de Caça,,, pessoas,,8332
2005,Portugal,Total,,, pessoas,,454651
2005,Portugal,Trampolins e Desp. Acrobáticos,,, pessoas,,2861
2005,Portugal,Triatlo,,, pessoas,,678
2005,Portugal,Vela,,, pessoas,,2664
2005,Portugal,Voleibol,,, pessoas,,27740
2005,Portugal,Voo Livre,,, pessoas,,700
2005,Portugal,Xadrez,,, pessoas,,4158
2006,Portugal,Aeromodelismo,,, pessoas,,1228
2006,Portugal,Aeronáutica,,, pessoas,,62
2006,Portugal,Aikido,,, pessoas,,1013
2006,Portugal,Andebol,,, pessoas,,30524
2006,Portugal,Arqueiros e Besteiros,,, pessoas,,191
2006,Portugal,Artes Marciais Chinesas,,, pessoas,-,
2006,Portugal,Atividades Subaquáticas,,, pessoas,,2218
2006,Portugal,Atletismo,,, pessoas,,11468
2006,Portugal,Automobilismo,,, pessoas,,2689
2006,Portugal,Badminton,,, pessoas,,1023
2006,Portugal,Basebol e Softbol,,, pessoas,-,
2006,Portugal,Basquetebol,,, pessoas,,18690
2006,Portugal,Bilhar,,, pessoas,,1499
2006,Portugal,Boxe,,, pessoas,,405
2006,Portugal,Bridge,,, pessoas,,827
2006,Portugal,Budo,,, pessoas,-,
2006,Portugal,Campismo e Montanhismo,,, pessoas,,45317
2006,Portugal,Canoagem,,, pessoas,,1976
2006,Portugal,Ciclismo,,, pessoas,,4566
2006,Portugal,Columbofilia,,, pessoas,,15293
2006,Portugal,Corfebol,,, pessoas,,379
2006,Portugal,Damas,,, pessoas,,490
2006,Portugal,Dança Desportiva,,, pessoas,,1384
2006,Portugal,Desporto para pessoas com deficiência,,, pessoas,,2779
2006,Portugal,Desporto Universitário,,, pessoas,,4753
2006,Portugal,Desportos de inverno,,, pessoas,,183
2006,Portugal,Equestre,,, pessoas,,4211
2006,Portugal,Escalada de Competição,,, pessoas,-,
2006,Portugal,Esgrima,,, pessoas,,431
2006,Portugal,Futebol,,, pessoas,,133360
2006,Portugal,Futebol de Salão,,, pessoas,-,
2006,Portugal,Ginástica,,, pessoas,,9473
2006,Portugal,Golfe,,, pessoas,,13668
2006,Portugal,Halterofilismo,,, pessoas,-,
2006,Portugal,Hóquei,,, pessoas,,1282
2006,Portugal,Hovercraft,,, pessoas,-,
2006,Portugal,Jet Ski,,, pessoas,,654
2006,Portugal,Ju-Jitsu e Disciplinas Associadas,,, pessoas,x,
2006,Portugal,Judo,,, pessoas,x,
2006,Portugal,Karate,,, pessoas,,13886
2006,Portugal,Kickboxing,,, pessoas,,2674
2006,Portugal,Lohan Tao Kempo,,, pessoas,-,
2006,Portugal,Lutas Amadoras,,, pessoas,,1198
2006,Portugal,Minigolfe,,, pessoas,,351
2006,Portugal,Motociclismo,,, pessoas,,995
2006,Portugal,Motonáutica,,, pessoas,,168
2006,Portugal,Natação,,, pessoas,,7938
2006,Portugal,Orientação,,, pessoas,,2243
2006,Portugal,Padel,,, pessoas,-,
2006,Portugal,Paraquedismo,,, pessoas,,588
2006,Portugal,Patinagem,,, pessoas,,9812
2006,Portugal,Pentatlo Moderno,,, pessoas,,210
2006,Portugal,Pesca Desportiva,,, pessoas,,3672
2006,Portugal,Pesca Desportiva do Alto Mar,,, pessoas,,278
2006,Portugal,Petanca,,, pessoas,,1187
2006,Portugal,Remo,,, pessoas,,1385
2006,Portugal,Rugby,,, pessoas,,2745
2006,Portugal,Ski Náutico,,, pessoas,-,
2006,Portugal,Squash,,, pessoas,-,
2006,Portugal,Surf,,, pessoas,,1825
2006,Portugal,Taekwondo,,, pessoas,,2831
2006,Portugal,Ténis,,, pessoas,,13955
2006,Portugal,Ténis de Mesa,,, pessoas,,4143
2006,Portugal,Tiro,,, pessoas,,4744
2006,Portugal,Tiro com Arco,,, pessoas,,278
2006,Portugal,Tiro com Armas de Caça,,, pessoas,,9067
2006,Portugal,Total,,, pessoas,,449006
2006,Portugal,Trampolins e Desp. Acrobáticos,,, pessoas,,2667
2006,Portugal,Triatlo,,, pessoas,,713
2006,Portugal,Vela,,, pessoas,,2636
2006,Portugal,Voleibol,,, pessoas,,29135
2006,Portugal,Voo Livre,,, pessoas,,697
2006,Portugal,Xadrez,,, pessoas,,3568
2007,Portugal,Aeromodelismo,,, pessoas,,1241
2007,Portugal,Aeronáutica,,, pessoas,,223
2007,Portugal,Aikido,,, pessoas,,871
2007,Portugal,Andebol,,, pessoas,,32257
2007,Portugal,Arqueiros e Besteiros,,, pessoas,,150
2007,Portugal,Artes Marciais Chinesas,,, pessoas,-,
2007,Portugal,Atividades Subaquáticas,,, pessoas,,1994
2007,Portugal,Atletismo,,, pessoas,,11954
2007,Portugal,Automobilismo,,, pessoas,,2692
2007,Portugal,Badminton,,, pessoas,,1129
2007,Portugal,Basebol e Softbol,,, pessoas,-,
2007,Portugal,Basquetebol,,, pessoas,,34026
2007,Portugal,Bilhar,,, pessoas,,2189
2007,Portugal,Boxe,,, pessoas,,368
2007,Portugal,Bridge,,, pessoas,,787
2007,Portugal,Budo,,, pessoas,-,
2007,Portugal,Campismo e Montanhismo,,, pessoas,,41179
2007,Portugal,Canoagem,,, pessoas,,2050
2007,Portugal,Ciclismo,,, pessoas,,5263
2007,Portugal,Columbofilia,,, pessoas,,14602
2007,Portugal,Corfebol,,, pessoas,,307
2007,Portugal,Damas,,, pessoas,,630
2007,Portugal,Dança Desportiva,,, pessoas,,1549
2007,Portugal,Desporto para pessoas com deficiência,,, pessoas,,2772
2007,Portugal,Desporto Universitário,,, pessoas,,5970
2007,Portugal,Desportos de inverno,,, pessoas,,231
2007,Portugal,Equestre,,, pessoas,,4613
2007,Portugal,Escalada de Competição,,, pessoas,-,
2007,Portugal,Esgrima,,, pessoas,,450
2007,Portugal,Futebol,,, pessoas,,136387
2007,Portugal,Futebol de Salão,,, pessoas,-,
2007,Portugal,Ginástica,,, pessoas,,14701
2007,Portugal,Golfe,,, pessoas,,14342
2007,Portugal,Halterofilismo,,, pessoas,-,
2007,Portugal,Hóquei,,, pessoas,,1322
2007,Portugal,Hovercraft,,, pessoas,-,
2007,Portugal,Jet Ski,,, pessoas,,691
2007,Portugal,Ju-Jitsu e Disciplinas Associadas,,, pessoas,x,
2007,Portugal,Judo,,, pessoas,x,
2007,Portugal,Karate,,, pessoas,,14593
2007,Portugal,Kickboxing,,, pessoas,,2804
2007,Portugal,Lohan Tao Kempo,,, pessoas,-,
2007,Portugal,Lutas Amadoras,,, pessoas,,1250
2007,Portugal,Minigolfe,,, pessoas,,355
2007,Portugal,Motociclismo,,, pessoas,,1035
2007,Portugal,Motonáutica,,, pessoas,,397
2007,Portugal,Natação,,, pessoas,,8276
2007,Portugal,Orientação,,, pessoas,,2344
2007,Portugal,Padel,,, pessoas,-,
2007,Portugal,Paraquedismo,,, pessoas,,565
2007,Portugal,Patinagem,,, pessoas,,10368
2007,Portugal,Pentatlo Moderno,,, pessoas,,240
2007,Portugal,Pesca Desportiva,,, pessoas,,3411
2007,Portugal,Pesca Desportiva do Alto Mar,,, pessoas,,266
2007,Portugal,Petanca,,, pessoas,,1123
2007,Portugal,Remo,,, pessoas,,1443
2007,Portugal,Rugby,,, pessoas,,3410
2007,Portugal,Ski Náutico,,, pessoas,-,
2007,Portugal,Squash,,, pessoas,-,
2007,Portugal,Surf,,, pessoas,,1854
2007,Portugal,Taekwondo,,, pessoas,,3189
2007,Portugal,Ténis,,, pessoas,,16656
2007,Portugal,Ténis de Mesa,,, pessoas,,3445
2007,Portugal,Tiro,,, pessoas,,4583
2007,Portugal,Tiro com Arco,,, pessoas,,294
2007,Portugal,Tiro com Armas de Caça,,, pessoas,,4857
2007,Portugal,Total,,, pessoas,,482960
2007,Portugal,Trampolins e Desp. Acrobáticos,,, pessoas,,2989
2007,Portugal,Triatlo,,, pessoas,,846
2007,Portugal,Vela,,, pessoas,,3043
2007,Portugal,Voleibol,,, pessoas,,36244
2007,Portugal,Voo Livre,,, pessoas,,688
2007,Portugal,Xadrez,,, pessoas,,3669
2008,Portugal,Aeromodelismo,,, pessoas,,1268
2008,Portugal,Aeronáutica,,, pessoas,,186
2008,Portugal,Aikido,,, pessoas,,1024
2008,Portugal,Andebol,,, pessoas,,33902
2008,Portugal,Arqueiros e Besteiros,,, pessoas,,183
2008,Portugal,Artes Marciais Chinesas,,, pessoas,,429
2008,Portugal,Atividades Subaquáticas,,, pessoas,,1700
2008,Portugal,Atletismo,,, pessoas,,13576
2008,Portugal,Automobilismo,,, pessoas,,2508
2008,Portugal,Badminton,,, pessoas,,1301
2008,Portugal,Basebol e Softbol,,, pessoas,-,
2008,Portugal,Basquetebol,,, pessoas,,36320
2008,Portugal,Bilhar,,, pessoas,,1318
2008,Portugal,Boxe,,, pessoas,,478
2008,Portugal,Bridge,,, pessoas,,631
2008,Portugal,Budo,,, pessoas,-,
2008,Portugal,Campismo e Montanhismo,,, pessoas,,38382
2008,Portugal,Canoagem,,, pessoas,,2223
2008,Portugal,Ciclismo,,, pessoas,,6079
2008,Portugal,Columbofilia,,, pessoas,,13967
2008,Portugal,Corfebol,,, pessoas,,328
2008,Portugal,Damas,,, pessoas,,725
2008,Portugal,Dança Desportiva,,, pessoas,,1273
2008,Portugal,Desporto para pessoas com deficiência,,, pessoas,,2799
2008,Portugal,Desporto Universitário,,, pessoas,,6230
2008,Portugal,Desportos de inverno,,, pessoas,,256
2008,Portugal,Equestre,,, pessoas,,5056
2008,Portugal,Escalada de Competição,,, pessoas,-,
2008,Portugal,Esgrima,,, pessoas,,670
2008,Portugal,Futebol,,, pessoas,,141958
2008,Portugal,Futebol de Salão,,, pessoas,-,
2008,Portugal,Ginástica,,, pessoas,,5613
2008,Portugal,Golfe,,, pessoas,,14769
2008,Portugal,Halterofilismo,,, pessoas,-,
2008,Portugal,Hóquei,,, pessoas,,1506
2008,Portugal,Hovercraft,,, pessoas,-,
2008,Portugal,Jet Ski,,, pessoas,,695
2008,Portugal,Ju-Jitsu e Disciplinas Associadas,,, pessoas,x,
2008,Portugal,Judo,,, pessoas,x,
2008,Portugal,Karate,,, pessoas,,14511
2008,Portugal,Kickboxing,,, pessoas,-,
2008,Portugal,Lohan Tao Kempo,,, pessoas,-,
2008,Portugal,Lutas Amadoras,,, pessoas,,1130
2008,Portugal,Minigolfe,,, pessoas,,710
2008,Portugal,Motociclismo,,, pessoas,,1017
2008,Portugal,Motonáutica,,, pessoas,,454
2008,Portugal,Natação,,, pessoas,,9259
2008,Portugal,Orientação,,, pessoas,,2137
2008,Portugal,Padel,,, pessoas,-,
2008,Portugal,Paraquedismo,,, pessoas,,357
2008,Portugal,Patinagem,,, pessoas,,10402
2008,Portugal,Pentatlo Moderno,,, pessoas,,263
2008,Portugal,Pesca Desportiva,,, pessoas,,3528
2008,Portugal,Pesca Desportiva do Alto Mar,,, pessoas,,290
2008,Portugal,Petanca,,, pessoas,,1188
2008,Portugal,Remo,,, pessoas,,1633
2008,Portugal,Rugby,,, pessoas,,4727
2008,Portugal,Ski Náutico,,, pessoas,-,
2008,Portugal,Squash,,, pessoas,-,
2008,Portugal,Surf,,, pessoas,,1958
2008,Portugal,Taekwondo,,, pessoas,,3074
2008,Portugal,Ténis,,, pessoas,,18971
2008,Portugal,Ténis de Mesa,,, pessoas,,3142
2008,Portugal,Tiro,,, pessoas,,3774
2008,Portugal,Tiro com Arco,,, pessoas,,294
2008,Portugal,Tiro com Armas de Caça,,, pessoas,,3748
2008,Portugal,Total,,, pessoas,,489080
2008,Portugal,Trampolins e Desp. Acrobáticos,,, pessoas,,3331
2008,Portugal,Triatlo,,, pessoas,,972
2008,Portugal,Vela,,, pessoas,,2887
2008,Portugal,Voleibol,,, pessoas,,40898
2008,Portugal,Voo Livre,,, pessoas,,678
2008,Portugal,Xadrez,,, pessoas,,4081
2009,Portugal,Aeromodelismo,,, pessoas,,1295
2009,Portugal,Aeronáutica,,, pessoas,,304
2009,Portugal,Aikido,,, pessoas,,841
2009,Portugal,Andebol,,, pessoas,,37562
2009,Portugal,Arqueiros e Besteiros,,, pessoas,,196
2009,Portugal,Artes Marciais Chinesas,,, pessoas,,447
2009,Portugal,Atividades Subaquáticas,,, pessoas,,1353
2009,Portugal,Atletismo,,, pessoas,,14500
2009,Portugal,Automobilismo,,, pessoas,,2540
2009,Portugal,Badminton,,, pessoas,,1322
2009,Portugal,Basebol e Softbol,,, pessoas,-,
2009,Portugal,Basquetebol,,, pessoas,,40250
2009,Portugal,Bilhar,,, pessoas,,767
2009,Portugal,Boxe,,, pessoas,,387
2009,Portugal,Bridge,,, pessoas,,594
2009,Portugal,Budo,,, pessoas,-,
2009,Portugal,Campismo e Montanhismo,,, pessoas,,40492
2009,Portugal,Canoagem,,, pessoas,,2346
2009,Portugal,Ciclismo,,, pessoas,,7654
2009,Portugal,Columbofilia,,, pessoas,,13321
2009,Portugal,Corfebol,,, pessoas,,518
2009,Portugal,Damas,,, pessoas,,778
2009,Portugal,Dança Desportiva,,, pessoas,,1507
2009,Portugal,Desporto para pessoas com deficiência,,, pessoas,,2576
2009,Portugal,Desporto Universitário,,, pessoas,,7152
2009,Portugal,Desportos de inverno,,, pessoas,,236
2009,Portugal,Equestre,,, pessoas,,5097
2009,Portugal,Escalada de Competição,,, pessoas,-,
2009,Portugal,Esgrima,,, pessoas,,815
2009,Portugal,Futebol,,, pessoas,,144106
2009,Portugal,Futebol de Salão,,, pessoas,-,
2009,Portugal,Ginástica,,, pessoas,,6482
2009,Portugal,Golfe,,, pessoas,,14545
2009,Portugal,Halterofilismo,,, pessoas,-,
2009,Portugal,Hóquei,,, pessoas,,1576
2009,Portugal,Hovercraft,,, pessoas,-,
2009,Portugal,Jet Ski,,, pessoas,,519
2009,Portugal,Ju-Jitsu e Disciplinas Associadas,,, pessoas,x,
2009,Portugal,Judo,,, pessoas,x,
2009,Portugal,Karate,,, pessoas,,16069
2009,Portugal,Kickboxing,,, pessoas,-,
2009,Portugal,Lohan Tao Kempo,,, pessoas,-,
2009,Portugal,Lutas Amadoras,,, pessoas,,1281
2009,Portugal,Minigolfe,,, pessoas,,797
2009,Portugal,Motociclismo,,, pessoas,,998
2009,Portugal,Motonáutica,,, pessoas,,320
2009,Portugal,Natação,,, pessoas,,10127
2009,Portugal,Orientação,,, pessoas,,2346
2009,Portugal,Padel,,, pessoas,-,
2009,Portugal,Paraquedismo,,, pessoas,,454
2009,Portugal,Patinagem,,, pessoas,,10765
2009,Portugal,Pentatlo Moderno,,, pessoas,,597
2009,Portugal,Pesca Desportiva,,, pessoas,,3362
2009,Portugal,Pesca Desportiva do Alto Mar,,, pessoas,,272
2009,Portugal,Petanca,,, pessoas,,1140
2009,Portugal,Remo,,, pessoas,,1666
2009,Portugal,Rugby,,, pessoas,,4879
2009,Portugal,Ski Náutico,,, pessoas,-,
2009,Portugal,Squash,,, pessoas,-,
2009,Portugal,Surf,,, pessoas,,1971
2009,Portugal,Taekwondo,,, pessoas,,3310
2009,Portugal,Ténis,,, pessoas,,25550
2009,Portugal,Ténis de Mesa,,, pessoas,,3205
2009,Portugal,Tiro,,, pessoas,,3833
2009,Portugal,Tiro com Arco,,, pessoas,,280
2009,Portugal,Tiro com Armas de Caça,,, pessoas,,3520
2009,Portugal,Total,,, pessoas,,512959
2009,Portugal,Trampolins e Desp. Acrobáticos,,, pessoas,,3706
2009,Portugal,Triatlo,,, pessoas,,1180
2009,Portugal,Vela,,, pessoas,,2868
2009,Portugal,Voleibol,,, pessoas,,40090
2009,Portugal,Voo Livre,,, pessoas,,692
2009,Portugal,Xadrez,,, pessoas,,3934
2010,Portugal,Aeromodelismo,,, pessoas,,904
2010,Portugal,Aeronáutica,,, pessoas,,174
2010,Portugal,Aikido,,, pessoas,,1216
2010,Portugal,Andebol,,, pessoas,,39708
2010,Portugal,Arqueiros e Besteiros,,, pessoas,-,
2010,Portugal,Artes Marciais Chinesas,,, pessoas,,631
2010,Portugal,Atividades Subaquáticas,,, pessoas,,1272
2010,Portugal,Atletismo,,, pessoas,,14998
2010,Portugal,Automobilismo,,, pessoas,,2972
2010,Portugal,Badminton,,, pessoas,,1401
2010,Portugal,Basebol e Softbol,,, pessoas,-,
2010,Portugal,Basquetebol,,, pessoas,,41830
2010,Portugal,Bilhar,,, pessoas,,2119
2010,Portugal,Boxe,,, pessoas,-,
2010,Portugal,Bridge,,, pessoas,,595
2010,Portugal,Budo,,, pessoas,-,
2010,Portugal,Campismo e Montanhismo,,, pessoas,,37727
2010,Portugal,Canoagem,,, pessoas,,2270
2010,Portugal,Ciclismo,,, pessoas,,8087
2010,Portugal,Columbofilia,,, pessoas,,11715
2010,Portugal,Corfebol,,, pessoas,,537
2010,Portugal,Damas,,, pessoas,,794
2010,Portugal,Dança Desportiva,,, pessoas,,1226
2010,Portugal,Desporto para pessoas com deficiência,,, pessoas,,2665
2010,Portugal,Desporto Universitário,,, pessoas,,7007
2010,Portugal,Desportos de inverno,,, pessoas,,118
2010,Portugal,Equestre,,, pessoas,,5277
2010,Portugal,Escalada de Competição,,, pessoas,-,
2010,Portugal,Esgrima,,, pessoas,,832
2010,Portugal,Futebol,,, pessoas,,148106
2010,Portugal,Futebol de Salão,,, pessoas,-,
2010,Portugal,Ginástica,,, pessoas,,8047
2010,Portugal,Golfe,,, pessoas,,14656
2010,Portugal,Halterofilismo,,, pessoas,-,
2010,Portugal,Hóquei,,, pessoas,,1581
2010,Portugal,Hovercraft,,, pessoas,-,
2010,Portugal,Jet Ski,,, pessoas,,508
2010,Portugal,Ju-Jitsu e Disciplinas Associadas,,, pessoas,x,
2010,Portugal,Judo,,, pessoas,x,
2010,Portugal,Karate,,, pessoas,,16683
2010,Portugal,Kickboxing,,, pessoas,-,
2010,Portugal,Lohan Tao Kempo,,, pessoas,-,
2010,Portugal,Lutas Amadoras,,, pessoas,,1224
2010,Portugal,Minigolfe,,, pessoas,,754
2010,Portugal,Motociclismo,,, pessoas,,1055
2010,Portugal,Motonáutica,,, pessoas,,308
2010,Portugal,Natação,,, pessoas,,11380
2010,Portugal,Orientação,,, pessoas,,2320
2010,Portugal,Padel,,, pessoas,-,
2010,Portugal,Paraquedismo,,, pessoas,,501
2010,Portugal,Patinagem,,, pessoas,,10269
2010,Portugal,Pentatlo Moderno,,, pessoas,,661
2010,Portugal,Pesca Desportiva,,, pessoas,,3930
2010,Portugal,Pesca Desportiva do Alto Mar,,, pessoas,,292
2010,Portugal,Petanca,,, pessoas,,1164
2010,Portugal,Remo,,, pessoas,,1722
2010,Portugal,Rugby,,, pessoas,,5224
2010,Portugal,Ski Náutico,,, pessoas,-,
2010,Portugal,Squash,,, pessoas,-,
2010,Portugal,Surf,,, pessoas,,2016
2010,Portugal,Taekwondo,,, pessoas,,3586
2010,Portugal,Ténis,,, pessoas,,25941
2010,Portugal,Ténis de Mesa,,, pessoas,,3282
2010,Portugal,Tiro,,, pessoas,,3929
2010,Portugal,Tiro com Arco,,, pessoas,,175
2010,Portugal,Tiro com Armas de Caça,,, pessoas,,3461
2010,Portugal,Total,,, pessoas,,522433
2010,Portugal,Trampolins e Desp. Acrobáticos,,, pessoas,-,
2010,Portugal,Triatlo,,, pessoas,,1650
2010,Portugal,Vela,,, pessoas,,2659
2010,Portugal,Voleibol,,, pessoas,,42386
2010,Portugal,Voo Livre,,, pessoas,,754
2010,Portugal,Xadrez,,, pessoas,,3558
2011,Portugal,Aeromodelismo,,, pessoas,,875
2011,Portugal,Aeronáutica,,, pessoas,,199
2011,Portugal,Aikido,,, pessoas,,1228
2011,Portugal,Andebol,,, pessoas,,39877
2011,Portugal,Arqueiros e Besteiros,,, pessoas,,240
2011,Portugal,Artes Marciais Chinesas,,, pessoas,,613
2011,Portugal,Atividades Subaquáticas,,, pessoas,,1257
2011,Portugal,Atletismo,,, pessoas,,14565
2011,Portugal,Automobilismo,,, pessoas,,2422
2011,Portugal,Badminton,,, pessoas,,1708
2011,Portugal,Basebol e Softbol,,, pessoas,-,
2011,Portugal,Basquetebol,,, pessoas,,40241
2011,Portugal,Bilhar,,, pessoas,,1639
2011,Portugal,Boxe,,, pessoas,-,
2011,Portugal,Bridge,,, pessoas,,605
2011,Portugal,Budo,,, pessoas,-,
2011,Portugal,Campismo e Montanhismo,,, pessoas,,34561
2011,Portugal,Canoagem,,, pessoas,,2354
2011,Portugal,Ciclismo,,, pessoas,,8511
2011,Portugal,Columbofilia,,, pessoas,,11264
2011,Portugal,Corfebol,,, pessoas,,511
2011,Portugal,Damas,,, pessoas,,779
2011,Portugal,Dança Desportiva,,, pessoas,,1101
2011,Portugal,Desporto para pessoas com deficiência,,, pessoas,,2653
2011,Portugal,Desporto Universitário,,, pessoas,,8108
2011,Portugal,Desportos de inverno,,, pessoas,,117
2011,Portugal,Equestre,,, pessoas,,5498
2011,Portugal,Escalada de Competição,,, pessoas,-,
2011,Portugal,Esgrima,,, pessoas,,1038
2011,Portugal,Futebol,,, pessoas,,151572
2011,Portugal,Futebol de Salão,,, pessoas,-,
2011,Portugal,Ginástica,,, pessoas,,11636
2011,Portugal,Golfe,,, pessoas,,14655
2011,Portugal,Halterofilismo,,, pessoas,-,
2011,Portugal,Hóquei,,, pessoas,,1586
2011,Portugal,Hovercraft,,, pessoas,-,
2011,Portugal,Jet Ski,,, pessoas,,522
2011,Portugal,Ju-Jitsu e Disciplinas Associadas,,, pessoas,x,
2011,Portugal,Judo,,, pessoas,x,
2011,Portugal,Karate,,, pessoas,,15469
2011,Portugal,Kickboxing,,, pessoas,-,
2011,Portugal,Lohan Tao Kempo,,, pessoas,-,
2011,Portugal,Lutas Amadoras,,, pessoas,,1212
2011,Portugal,Minigolfe,,, pessoas,,705
2011,Portugal,Motociclismo,,, pessoas,,991
2011,Portugal,Motonáutica,,, pessoas,,194
2011,Portugal,Natação,,, pessoas,,11277
2011,Portugal,Orientação,,, pessoas,,2546
2011,Portugal,Padel,,, pessoas,-,
2011,Portugal,Paraquedismo,,, pessoas,,519
2011,Portugal,Patinagem,,, pessoas,,11151
2011,Portugal,Pentatlo Moderno,,, pessoas,,821
2011,Portugal,Pesca Desportiva,,, pessoas,,3566
2011,Portugal,Pesca Desportiva do Alto Mar,,, pessoas,,317
2011,Portugal,Petanca,,, pessoas,,1087
2011,Portugal,Remo,,, pessoas,,1786
2011,Portugal,Rugby,,, pessoas,,5465
2011,Portugal,Ski Náutico,,, pessoas,-,
2011,Portugal,Squash,,, pessoas,-,
2011,Portugal,Surf,,, pessoas,,2033
2011,Portugal,Taekwondo,,, pessoas,,3499
2011,Portugal,Ténis,,, pessoas,,25491
2011,Portugal,Ténis de Mesa,,, pessoas,,3042
2011,Portugal,Tiro,,, pessoas,,3874
2011,Portugal,Tiro com Arco,,, pessoas,,123
2011,Portugal,Tiro com Armas de Caça,,, pessoas,,3292
2011,Portugal,Total,,, pessoas,,523168
2011,Portugal,Trampolins e Desp. Acrobáticos,,, pessoas,-,
2011,Portugal,Triatlo,,, pessoas,,1666
2011,Portugal,Vela,,, pessoas,,2051
2011,Portugal,Voleibol,,, pessoas,,43240
2011,Portugal,Voo Livre,,, pessoas,,709
2011,Portugal,Xadrez,,, pessoas,,2609
2012,Portugal,Aeromodelismo,,, pessoas,,937
2012,Portugal,Aeronáutica,,, pessoas,,242
2012,Portugal,Aikido,,, pessoas,,1151
2012,Portugal,Andebol,,, pessoas,,40373
2012,Portugal,Arqueiros e Besteiros,,, pessoas,,177
2012,Portugal,Artes Marciais Chinesas,,, pessoas,,671
2012,Portugal,Atividades Subaquáticas,,, pessoas,,1069
2012,Portugal,Atletismo,,, pessoas,,14484
2012,Portugal,Automobilismo,,, pessoas,,2318
2012,Portugal,Badminton,,, pessoas,,1803
2012,Portugal,Basebol e Softbol,,, pessoas,-,
2012,Portugal,Basquetebol,,, pessoas,,39996
2012,Portugal,Bilhar,,, pessoas,,1592
2012,Portugal,Boxe,,, pessoas,-,
2012,Portugal,Bridge,,, pessoas,,636
2012,Portugal,Budo,,, pessoas,-,
2012,Portugal,Campismo e Montanhismo,,, pessoas,,31570
2012,Portugal,Canoagem,,, pessoas,,2357
2012,Portugal,Ciclismo,,, pessoas,,9052
2012,Portugal,Columbofilia,,, pessoas,,10536
2012,Portugal,Corfebol,,, pessoas,,559
2012,Portugal,Damas,,, pessoas,,861
2012,Portugal,Dança Desportiva,,, pessoas,,1063
2012,Portugal,Desporto para pessoas com deficiência,,, pessoas,,2304
2012,Portugal,Desporto Universitário,,, pessoas,,7972
2012,Portugal,Desportos de inverno,,, pessoas,,175
2012,Portugal,Equestre,,, pessoas,,5597
2012,Portugal,Escalada de Competição,,, pessoas,-,
2012,Portugal,Esgrima,,, pessoas,,1210
2012,Portugal,Futebol,,, pessoas,,153530
2012,Portugal,Futebol de Salão,,, pessoas,-,
2012,Portugal,Ginástica,,, pessoas,,13441
2012,Portugal,Golfe,,, pessoas,,14198
2012,Portugal,Halterofilismo,,, pessoas,-,
2012,Portugal,Hóquei,,, pessoas,,1589
2012,Portugal,Hovercraft,,, pessoas,-,
2012,Portugal,Jet Ski,,, pessoas,,462
2012,Portugal,Ju-Jitsu e Disciplinas Associadas,,, pessoas,x,
2012,Portugal,Judo,,, pessoas,x,
2012,Portugal,Karate,,, pessoas,,16096
2012,Portugal,Kickboxing,,, pessoas,,531
2012,Portugal,Lohan Tao Kempo,,, pessoas,-,
2012,Portugal,Lutas Amadoras,,, pessoas,,1033
2012,Portugal,Minigolfe,,, pessoas,,780
2012,Portugal,Motociclismo,,, pessoas,,848
2012,Portugal,Motonáutica,,, pessoas,,290
2012,Portugal,Natação,,, pessoas,,11232
2012,Portugal,Orientação,,, pessoas,,2655
2012,Portugal,Padel,,, pessoas,-,
2012,Portugal,Paraquedismo,,, pessoas,,535
2012,Portugal,Patinagem,,, pessoas,,11000
2012,Portugal,Pentatlo Moderno,,, pessoas,,732
2012,Portugal,Pesca Desportiva,,, pessoas,,3313
2012,Portugal,Pesca Desportiva do Alto Mar,,, pessoas,,224
2012,Portugal,Petanca,,, pessoas,,1000
2012,Portugal,Remo,,, pessoas,,1737
2012,Portugal,Rugby,,, pessoas,,6180
2012,Portugal,Ski Náutico,,, pessoas,-,
2012,Portugal,Squash,,, pessoas,-,
2012,Portugal,Surf,,, pessoas,,1745
2012,Portugal,Taekwondo,,, pessoas,,3740
2012,Portugal,Ténis,,, pessoas,,25768
2012,Portugal,Ténis de Mesa,,, pessoas,,3050
2012,Portugal,Tiro,,, pessoas,,3995
2012,Portugal,Tiro com Arco,,, pessoas,,126
2012,Portugal,Tiro com Armas de Caça,,, pessoas,,3224
2012,Portugal,Total,,, pessoas,,524093
2012,Portugal,Trampolins e Desp. Acrobáticos,,, pessoas,-,
2012,Portugal,Triatlo,,, pessoas,,1836
2012,Portugal,Vela,,, pessoas,,1914
2012,Portugal,Voleibol,,, pessoas,,43061
2012,Portugal,Voo Livre,,, pessoas,,831
2012,Portugal,Xadrez,,, pessoas,,2427
2013,Portugal,Aeromodelismo,,, pessoas,,956
2013,Portugal,Aeronáutica,,, pessoas,-,
2013,Portugal,Aikido,,, pessoas,,1318
2013,Portugal,Andebol,,, pessoas,,46405
2013,Portugal,Arqueiros e Besteiros,,, pessoas,-,
2013,Portugal,Artes Marciais Chinesas,,, pessoas,,732
2013,Portugal,Atividades Subaquáticas,,, pessoas,,1093
2013,Portugal,Atletismo,,, pessoas,,14991
2013,Portugal,Automobilismo,,, pessoas,,2399
2013,Portugal,Badminton,,, pessoas,,1831
2013,Portugal,Basebol e Softbol,,, pessoas,-,
2013,Portugal,Basquetebol,,, pessoas,,38347
2013,Portugal,Bilhar,,, pessoas,,1914
2013,Portugal,Boxe,,, pessoas,-,
2013,Portugal,Bridge,,, pessoas,,800
2013,Portugal,Budo,,, pessoas,-,
2013,Portugal,Campismo e Montanhismo,,, pessoas,,31859
2013,Portugal,Canoagem,,, pessoas,,2322
2013,Portugal,Ciclismo,,, pessoas,,10609
2013,Portugal,Columbofilia,,, pessoas,,9893
2013,Portugal,Corfebol,,, pessoas,,656
2013,Portugal,Damas,,, pessoas,,885
2013,Portugal,Dança Desportiva,,, pessoas,,1115
2013,Portugal,Desporto para pessoas com deficiência,,, pessoas,,1643
2013,Portugal,Desporto Universitário,,, pessoas,,8153
2013,Portugal,Desportos de inverno,,, pessoas,,145
2013,Portugal,Equestre,,, pessoas,,5597
2013,Portugal,Escalada de Competição,,, pessoas,-,
2013,Portugal,Esgrima,,, pessoas,,1471
2013,Portugal,Futebol,,, pessoas,,153462
2013,Portugal,Futebol de Salão,,, pessoas,-,
2013,Portugal,Ginástica,,, pessoas,,14322
2013,Portugal,Golfe,,, pessoas,,13825
2013,Portugal,Halterofilismo,,, pessoas,-,
2013,Portugal,Hóquei,,, pessoas,,1800
2013,Portugal,Hovercraft,,, pessoas,-,
2013,Portugal,Jet Ski,,, pessoas,-,
2013,Portugal,Ju-Jitsu e Disciplinas Associadas,,, pessoas,x,
2013,Portugal,Judo,,, pessoas,x,
2013,Portugal,Karate,,, pessoas,,15315
2013,Portugal,Kickboxing,,, pessoas,,614
2013,Portugal,Lohan Tao Kempo,,, pessoas,-,
2013,Portugal,Lutas Amadoras,,, pessoas,,920
2013,Portugal,Minigolfe,,, pessoas,,780
2013,Portugal,Motociclismo,,, pessoas,,795
2013,Portugal,Motonáutica,,, pessoas,,355
2013,Portugal,Natação,,, pessoas,,11651
2013,Portugal,Orientação,,, pessoas,,2741
2013,Portugal,Padel,,, pessoas,-,
2013,Portugal,Paraquedismo,,, pessoas,-,
2013,Portugal,Patinagem,,, pessoas,,11807
2013,Portugal,Pentatlo Moderno,,, pessoas,,768
2013,Portugal,Pesca Desportiva,,, pessoas,,2892
2013,Portugal,Pesca Desportiva do Alto Mar,,, pessoas,,175
2013,Portugal,Petanca,,, pessoas,,967
2013,Portugal,Remo,,, pessoas,,1632
2013,Portugal,Rugby,,, pessoas,,6449
2013,Portugal,Ski Náutico,,, pessoas,-,
2013,Portugal,Squash,,, pessoas,-,
2013,Portugal,Surf,,, pessoas,,1501
2013,Portugal,Taekwondo,,, pessoas,,4025
2013,Portugal,Ténis,,, pessoas,,18459
2013,Portugal,Ténis de Mesa,,, pessoas,,2987
2013,Portugal,Tiro,,, pessoas,,4018
2013,Portugal,Tiro com Arco,,, pessoas,,189
2013,Portugal,Tiro com Armas de Caça,,, pessoas,,3100
2013,Portugal,Total,,, pessoas,,523995
2013,Portugal,Trampolins e Desp. Acrobáticos,,, pessoas,-,
2013,Portugal,Triatlo,,, pessoas,,2028
2013,Portugal,Vela,,, pessoas,,1874
2013,Portugal,Voleibol,,, pessoas,,43023
2013,Portugal,Voo Livre,,, pessoas,,653
2013,Portugal,Xadrez,,, pessoas,,2599
2014,Portugal,Aeromodelismo,,, pessoas,,974
2014,Portugal,Aeronáutica,,, pessoas,,600
2014,Portugal,Aikido,,, pessoas,,1224
2014,Portugal,Andebol,,, pessoas,,50114
2014,Portugal,Arqueiros e Besteiros,,, pessoas,-,
2014,Portugal,Artes Marciais Chinesas,,, pessoas,,738
2014,Portugal,Atividades Subaquáticas,,, pessoas,,1110
2014,Portugal,Atletismo,,, pessoas,,14835
2014,Portugal,Automobilismo,,, pessoas,,3026
2014,Portugal,Badminton,,, pessoas,,1940
2014,Portugal,Basebol e Softbol,,, pessoas,-,
2014,Portugal,Basquetebol,,, pessoas,,35590
2014,Portugal,Bilhar,,, pessoas,,1712
2014,Portugal,Boxe,,, pessoas,-,
2014,Portugal,Bridge,,, pessoas,,866
2014,Portugal,Budo,,, pessoas,-,
2014,Portugal,Campismo e Montanhismo,,, pessoas,,32585
2014,Portugal,Canoagem,,, pessoas,,2304
2014,Portugal,Ciclismo,,, pessoas,,13226
2014,Portugal,Columbofilia,,, pessoas,,9495
2014,Portugal,Corfebol,,, pessoas,,720
2014,Portugal,Damas,,, pessoas,,794
2014,Portugal,Dança Desportiva,,, pessoas,,1212
2014,Portugal,Desporto para pessoas com deficiência,,, pessoas,,1654
2014,Portugal,Desporto Universitário,,, pessoas,,8152
2014,Portugal,Desportos de inverno,,, pessoas,,152
2014,Portugal,Equestre,,, pessoas,,5791
2014,Portugal,Escalada de Competição,,, pessoas,-,
2014,Portugal,Esgrima,,, pessoas,,1491
2014,Portugal,Futebol,,, pessoas,,155968
2014,Portugal,Futebol de Salão,,, pessoas,-,
2014,Portugal,Ginástica,,, pessoas,,13740
2014,Portugal,Golfe,,, pessoas,,14094
2014,Portugal,Halterofilismo,,, pessoas,-,
2014,Portugal,Hóquei,,, pessoas,,1838
2014,Portugal,Hovercraft,,, pessoas,-,
2014,Portugal,Jet Ski,,, pessoas,-,
2014,Portugal,Ju-Jitsu e Disciplinas Associadas,,, pessoas,x,
2014,Portugal,Judo,,, pessoas,x,
2014,Portugal,Karate,,, pessoas,,14734
2014,Portugal,Kickboxing,,, pessoas,,1475
2014,Portugal,Lohan Tao Kempo,,, pessoas,-,
2014,Portugal,Lutas Amadoras,,, pessoas,,930
2014,Portugal,Minigolfe,,, pessoas,,959
2014,Portugal,Motociclismo,,, pessoas,,933
2014,Portugal,Motonáutica,,, pessoas,,287
2014,Portugal,Natação,,, pessoas,,21695
2014,Portugal,Orientação,,, pessoas,,2788
2014,Portugal,Padel,,, pessoas,-,
2014,Portugal,Paraquedismo,,, pessoas,,549
2014,Portugal,Patinagem,,, pessoas,,11810
2014,Portugal,Pentatlo Moderno,,, pessoas,,809
2014,Portugal,Pesca Desportiva,,, pessoas,,2841
2014,Portugal,Pesca Desportiva do Alto Mar,,, pessoas,,204
2014,Portugal,Petanca,,, pessoas,,890
2014,Portugal,Remo,,, pessoas,,1479
2014,Portugal,Rugby,,, pessoas,,6683
2014,Portugal,Ski Náutico,,, pessoas,-,
2014,Portugal,Squash,,, pessoas,-,
2014,Portugal,Surf,,, pessoas,,1693
2014,Portugal,Taekwondo,,, pessoas,,4076
2014,Portugal,Ténis,,, pessoas,,19276
2014,Portugal,Ténis de Mesa,,, pessoas,,3286
2014,Portugal,Tiro,,, pessoas,,3982
2014,Portugal,Tiro com Arco,,, pessoas,,256
2014,Portugal,Tiro com Armas de Caça,,, pessoas,,3136
2014,Portugal,Total,,, pessoas,,543578
2014,Portugal,Trampolins e Desp. Acrobáticos,,, pessoas,-,
2014,Portugal,Triatlo,,, pessoas,,2201
2014,Portugal,Vela,,, pessoas,,1841
2014,Portugal,Voleibol,,, pessoas,,43076
2014,Portugal,Voo Livre,,, pessoas,,569
2014,Portugal,Xadrez,,, pessoas,,2715
2015,Portugal,Aeromodelismo,,, pessoas,,996
2015,Portugal,Aeronáutica,,, pessoas,,658
2015,Portugal,Aikido,,, pessoas,,1130
2015,Portugal,Andebol,,, pessoas,,50244
2015,Portugal,Arqueiros e Besteiros,,, pessoas,-,
2015,Portugal,Artes Marciais Chinesas,,, pessoas,,782
2015,Portugal,Atividades Subaquáticas,,, pessoas,,1520
2015,Portugal,Atletismo,,, pessoas,,15284
2015,Portugal,Automobilismo,,, pessoas,,3022
2015,Portugal,Badminton,,, pessoas,,2122
2015,Portugal,Basebol e Softbol,,, pessoas,-,
2015,Portugal,Basquetebol,,, pessoas,,36688
2015,Portugal,Bilhar,,, pessoas,,1760
2015,Portugal,Boxe,,, pessoas,-,
2015,Portugal,Bridge,,, pessoas,,897
2015,Portugal,Budo,,, pessoas,-,
2015,Portugal,Campismo e Montanhismo,,, pessoas,,28491
2015,Portugal,Canoagem,,, pessoas,,2577
2015,Portugal,Ciclismo,,, pessoas,,14637
2015,Portugal,Columbofilia,,, pessoas,,8754
2015,Portugal,Corfebol,,, pessoas,,711
2015,Portugal,Damas,,, pessoas,,766
2015,Portugal,Dança Desportiva,,, pessoas,,1301
2015,Portugal,Desporto para pessoas com deficiência,,, pessoas,,1369
2015,Portugal,Desporto Universitário,,, pessoas,,9371
2015,Portugal,Desportos de inverno,,, pessoas,,152
2015,Portugal,Equestre,,, pessoas,,6121
2015,Portugal,Escalada de Competição,,, pessoas,-,
2015,Portugal,Esgrima,,, pessoas,,659
2015,Portugal,Futebol,,, pessoas,,161167
2015,Portugal,Futebol de Salão,,, pessoas,-,
2015,Portugal,Ginástica,,, pessoas,,14004
2015,Portugal,Golfe,,, pessoas,,14248
2015,Portugal,Halterofilismo,,, pessoas,-,
2015,Portugal,Hóquei,,, pessoas,,2009
2015,Portugal,Hovercraft,,, pessoas,-,
2015,Portugal,Jet Ski,,, pessoas,-,
2015,Portugal,Ju-Jitsu e Disciplinas Associadas,,, pessoas,x,
2015,Portugal,Judo,,, pessoas,x,
2015,Portugal,Karate,,, pessoas,,12064
2015,Portugal,Kickboxing,,, pessoas,,2657
2015,Portugal,Lohan Tao Kempo,,, pessoas,-,
2015,Portugal,Lutas Amadoras,,, pessoas,,721
2015,Portugal,Minigolfe,,, pessoas,,752
2015,Portugal,Motociclismo,,, pessoas,,831
2015,Portugal,Motonáutica,,, pessoas,,178
2015,Portugal,Natação,,, pessoas,,43083
2015,Portugal,Orientação,,, pessoas,,2284
2015,Portugal,Padel,,, pessoas,-,
2015,Portugal,Paraquedismo,,, pessoas,,513
2015,Portugal,Patinagem,,, pessoas,,12270
2015,Portugal,Pentatlo Moderno,,, pessoas,,918
2015,Portugal,Pesca Desportiva,,, pessoas,,2652
2015,Portugal,Pesca Desportiva do Alto Mar,,, pessoas,,265
2015,Portugal,Petanca,,, pessoas,,798
2015,Portugal,Remo,,, pessoas,,1575
2015,Portugal,Rugby,,, pessoas,,6324
2015,Portugal,Ski Náutico,,, pessoas,-,
2015,Portugal,Squash,,, pessoas,-,
2015,Portugal,Surf,,, pessoas,,2144
2015,Portugal,Taekwondo,,, pessoas,,4497
2015,Portugal,Ténis,,, pessoas,,16159
2015,Portugal,Ténis de Mesa,,, pessoas,,3426
2015,Portugal,Tiro,,, pessoas,,3980
2015,Portugal,Tiro com Arco,,, pessoas,,261
2015,Portugal,Tiro com Armas de Caça,,, pessoas,,3158
2015,Portugal,Total,,, pessoas,,566366
2015,Portugal,Trampolins e Desp. Acrobáticos,,, pessoas,-,
2015,Portugal,Triatlo,,, pessoas,,2414
2015,Portugal,Vela,,, pessoas,,2225
2015,Portugal,Voleibol,,, pessoas,,43120
2015,Portugal,Voo Livre,,, pessoas,,516
2015,Portugal,Xadrez,,, pessoas,,2933
2016,Portugal,Aeromodelismo,,, pessoas,,1004
2016,Portugal,Aeronáutica,,, pessoas,,668
2016,Portugal,Aikido,,, pessoas,,1232
2016,Portugal,Andebol,,, pessoas,,49981
2016,Portugal,Arqueiros e Besteiros,,, pessoas,-,
2016,Portugal,Artes Marciais Chinesas,,, pessoas,,671
2016,Portugal,Atividades Subaquáticas,,, pessoas,,1529
2016,Portugal,Atletismo,,, pessoas,,14542
2016,Portugal,Automobilismo,,, pessoas,,3498
2016,Portugal,Badminton,,, pessoas,,2044
2016,Portugal,Basebol e Softbol,,, pessoas,-,
2016,Portugal,Basquetebol,,, pessoas,,40135
2016,Portugal,Bilhar,,, pessoas,,2279
2016,Portugal,Boxe,,, pessoas,-,
2016,Portugal,Bridge,,, pessoas,,1010
2016,Portugal,Budo,,, pessoas,-,
2016,Portugal,Campismo e Montanhismo,,, pessoas,,26836
2016,Portugal,Canoagem,,, pessoas,,2588
2016,Portugal,Ciclismo,,, pessoas,,15444
2016,Portugal,Columbofilia,,, pessoas,,8602
2016,Portugal,Corfebol,,, pessoas,,827
2016,Portugal,Damas,,, pessoas,,735
2016,Portugal,Dança Desportiva,,, pessoas,,1249
2016,Portugal,Desporto para pessoas com deficiência,,, pessoas,,1450
2016,Portugal,Desporto Universitário,,, pessoas,,10608
2016,Portugal,Desportos de inverno,,, pessoas,,152
2016,Portugal,Equestre,,, pessoas,,6385
2016,Portugal,Escalada de Competição,,, pessoas,-,
2016,Portugal,Esgrima,,, pessoas,,690
2016,Portugal,Futebol,,, pessoas,,168097
2016,Portugal,Futebol de Salão,,, pessoas,-,
2016,Portugal,Ginástica,,, pessoas,,16259
2016,Portugal,Golfe,,, pessoas,,14659
2016,Portugal,Halterofilismo,,, pessoas,-,
2016,Portugal,Hóquei,,, pessoas,,2019
2016,Portugal,Hovercraft,,, pessoas,-,
2016,Portugal,Jet Ski,,, pessoas,-,
2016,Portugal,Ju-Jitsu e Disciplinas Associadas,,, pessoas,x,
2016,Portugal,Judo,,, pessoas,x,
2016,Portugal,Karate,,, pessoas,,13135
2016,Portugal,Kickboxing,,, pessoas,,3933
2016,Portugal,Lohan Tao Kempo,,, pessoas,-,
2016,Portugal,Lutas Amadoras,,, pessoas,,663
2016,Portugal,Minigolfe,,, pessoas,-,
2016,Portugal,Motociclismo,,, pessoas,,928
2016,Portugal,Motonáutica,,, pessoas,,127
2016,Portugal,Natação,,, pessoas,,52355
2016,Portugal,Orientação,,, pessoas,,2173
2016,Portugal,Padel,,, pessoas,,1805
2016,Portugal,Paraquedismo,,, pessoas,,581
2016,Portugal,Patinagem,,, pessoas,,13423
2016,Portugal,Pentatlo Moderno,,, pessoas,,964
2016,Portugal,Pesca Desportiva,,, pessoas,,2503
2016,Portugal,Pesca Desportiva do Alto Mar,,, pessoas,,316
2016,Portugal,Petanca,,, pessoas,,742
2016,Portugal,Remo,,, pessoas,,1634
2016,Portugal,Rugby,,, pessoas,,6480
2016,Portugal,Ski Náutico,,, pessoas,-,
2016,Portugal,Squash,,, pessoas,-,
2016,Portugal,Surf,,, pessoas,,2494
2016,Portugal,Taekwondo,,, pessoas,,4127
2016,Portugal,Ténis,,, pessoas,,15755
2016,Portugal,Ténis de Mesa,,, pessoas,,3656
2016,Portugal,Tiro,,, pessoas,,4032
2016,Portugal,Tiro com Arco,,, pessoas,,273
2016,Portugal,Tiro com Armas de Caça,,, pessoas,,3159
2016,Portugal,Total,,, pessoas,,594795
2016,Portugal,Trampolins e Desp. Acrobáticos,,, pessoas,-,
2016,Portugal,Triatlo,,, pessoas,,2503
2016,Portugal,Vela,,, pessoas,,2377
2016,Portugal,Voleibol,,, pessoas,,43625
2016,Portugal,Voo Livre,,, pessoas,,665
2016,Portugal,Xadrez,,, pessoas,,2872
2017,Portugal,Aeromodelismo,,, pessoas,,1011
2017,Portugal,Aeronáutica,,, pessoas,,694
2017,Portugal,Aikido,,, pessoas,,1357
2017,Portugal,Andebol,,, pessoas,,49812
2017,Portugal,Arqueiros e Besteiros,,, pessoas,-,
2017,Portugal,Artes Marciais Chinesas,,, pessoas,,475
2017,Portugal,Atividades Subaquáticas,,, pessoas,,1531
2017,Portugal,Atletismo,,, pessoas,,16448
2017,Portugal,Automobilismo,,, pessoas,,3512
2017,Portugal,Badminton,,, pessoas,,1975
2017,Portugal,Basebol e Softbol,,, pessoas,-,
2017,Portugal,Basquetebol,,, pessoas,,41807
2017,Portugal,Bilhar,,, pessoas,,2251
2017,Portugal,Boxe,,, pessoas,-,
2017,Portugal,Bridge,,, pessoas,,952
2017,Portugal,Budo,,, pessoas,-,
2017,Portugal,Campismo e Montanhismo,,, pessoas,,26249
2017,Portugal,Canoagem,,, pessoas,,2599
2017,Portugal,Ciclismo,,, pessoas,,15739
2017,Portugal,Columbofilia,,, pessoas,,8387
2017,Portugal,Corfebol,,, pessoas,,853
2017,Portugal,Damas,,, pessoas,,767
2017,Portugal,Dança Desportiva,,, pessoas,,1265
2017,Portugal,Desporto para pessoas com deficiência,,, pessoas,,1609
2017,Portugal,Desporto Universitário,,, pessoas,,8178
2017,Portugal,Desportos de inverno,,, pessoas,,151
2017,Portugal,Equestre,,, pessoas,,6494
2017,Portugal,Escalada de Competição,,, pessoas,-,
2017,Portugal,Esgrima,,, pessoas,,705
2017,Portugal,Futebol,,, pessoas,,176349
2017,Portugal,Futebol de Salão,,, pessoas,-,
2017,Portugal,Ginástica,,, pessoas,,18312
2017,Portugal,Golfe,,, pessoas,,15847
2017,Portugal,Halterofilismo,,, pessoas,-,
2017,Portugal,Hóquei,,, pessoas,,2058
2017,Portugal,Hovercraft,,, pessoas,-,
2017,Portugal,Jet Ski,,, pessoas,-,
2017,Portugal,Ju-Jitsu e Disciplinas Associadas,,, pessoas,x,
2017,Portugal,Judo,,, pessoas,x,
2017,Portugal,Karate,,, pessoas,,13231
2017,Portugal,Kickboxing,,, pessoas,,3519
2017,Portugal,Lohan Tao Kempo,,, pessoas,-,
2017,Portugal,Lutas Amadoras,,, pessoas,,881
2017,Portugal,Minigolfe,,, pessoas,-,
2017,Portugal,Motociclismo,,, pessoas,,1081
2017,Portugal,Motonáutica,,, pessoas,,114
2017,Portugal,Natação,,, pessoas,,65499
2017,Portugal,Orientação,,, pessoas,,2055
2017,Portugal,Padel,,, pessoas,,3123
2017,Portugal,Paraquedismo,,, pessoas,,617
2017,Portugal,Patinagem,,, pessoas,,15892
2017,Portugal,Pentatlo Moderno,,, pessoas,,981
2017,Portugal,Pesca Desportiva,,, pessoas,,2559
2017,Portugal,Pesca Desportiva do Alto Mar,,, pessoas,,382
2017,Portugal,Petanca,,, pessoas,,746
2017,Portugal,Remo,,, pessoas,,1637
2017,Portugal,Rugby,,, pessoas,,6460
2017,Portugal,Ski Náutico,,, pessoas,-,
2017,Portugal,Squash,,, pessoas,-,
2017,Portugal,Surf,,, pessoas,,2382
2017,Portugal,Taekwondo,,, pessoas,-,
2017,Portugal,Ténis,,, pessoas,,16139
2017,Portugal,Ténis de Mesa,,, pessoas,,3581
2017,Portugal,Tiro,,, pessoas,,4018
2017,Portugal,Tiro com Arco,,, pessoas,,341
2017,Portugal,Tiro com Armas de Caça,,, pessoas,,3198
2017,Portugal,Total,,, pessoas,,621683
2017,Portugal,Trampolins e Desp. Acrobáticos,,, pessoas,-,
2017,Portugal,Triatlo,,, pessoas,,2831
2017,Portugal,Vela,,, pessoas,,2367
2017,Portugal,Voleibol,,, pessoas,,44208
2017,Portugal,Voo Livre,,, pessoas,,671
2017,Portugal,Xadrez,,, pessoas,,3081
2018,Portugal,Aeromodelismo,,, pessoas,,996
2018,Portugal,Aeronáutica,,, pessoas,,586
2018,Portugal,Aikido,,, pessoas,,1343
2018,Portugal,Andebol,,, pessoas,,49661
2018,Portugal,Arqueiros e Besteiros,,, pessoas,-,
2018,Portugal,Artes Marciais Chinesas,,, pessoas,,576
2018,Portugal,Atividades Subaquáticas,,, pessoas,,1533
2018,Portugal,Atletismo,,, pessoas,,18147
2018,Portugal,Automobilismo,,, pessoas,,3790
2018,Portugal,Badminton,,, pessoas,,1847
2018,Portugal,Basebol e Softbol,,, pessoas,-,
2018,Portugal,Basquetebol,,, pessoas,,39247
2018,Portugal,Bilhar,,, pessoas,,2543
2018,Portugal,Boxe,,, pessoas,-,
2018,Portugal,Bridge,,, pessoas,,982
2018,Portugal,Budo,,, pessoas,-,
2018,Portugal,Campismo e Montanhismo,,, pessoas,,25915
2018,Portugal,Canoagem,,, pessoas,,2641
2018,Portugal,Ciclismo,,, pessoas,,16448
2018,Portugal,Columbofilia,,, pessoas,,8183
2018,Portugal,Corfebol,,, pessoas,,950
2018,Portugal,Damas,,, pessoas,,849
2018,Portugal,Dança Desportiva,,, pessoas,,1265
2018,Portugal,Desporto para pessoas com deficiência,,, pessoas,,1362
2018,Portugal,Desporto Universitário,,, pessoas,,8154
2018,Portugal,Desportos de inverno,,, pessoas,,211
2018,Portugal,Equestre,,, pessoas,,6075
2018,Portugal,Escalada de Competição,,, pessoas,-,
2018,Portugal,Esgrima,,, pessoas,,793
2018,Portugal,Futebol,,, pessoas,,189417
2018,Portugal,Futebol de Salão,,, pessoas,-,
2018,Portugal,Ginástica,,, pessoas,,19866
2018,Portugal,Golfe,,, pessoas,,15257
2018,Portugal,Halterofilismo,,, pessoas,-,
2018,Portugal,Hóquei,,, pessoas,,2135
2018,Portugal,Hovercraft,,, pessoas,-,
2018,Portugal,Jet Ski,,, pessoas,-,
2018,Portugal,Ju-Jitsu e Disciplinas Associadas,,, pessoas,x,
2018,Portugal,Judo,,, pessoas,x,
2018,Portugal,Karate,,, pessoas,,13988
2018,Portugal,Kickboxing,,, pessoas,,3551
2018,Portugal,Lohan Tao Kempo,,, pessoas,-,
2018,Portugal,Lutas Amadoras,,, pessoas,,937
2018,Portugal,Minigolfe,,, pessoas,-,
2018,Portugal,Motociclismo,,, pessoas,,1378
2018,Portugal,Motonáutica,,, pessoas,,208
2018,Portugal,Natação,,, pessoas,,89755
2018,Portugal,Orientação,,, pessoas,,2019
2018,Portugal,Padel,,, pessoas,,4332
2018,Portugal,Paraquedismo,,, pessoas,,714
2018,Portugal,Patinagem,,, pessoas,,16587
2018,Portugal,Pentatlo Moderno,,, pessoas,,1097
2018,Portugal,Pesca Desportiva,,, pessoas,,2500
2018,Portugal,Pesca Desportiva do Alto Mar,,, pessoas,,468
2018,Portugal,Petanca,,, pessoas,,752
2018,Portugal,Remo,,, pessoas,,1616
2018,Portugal,Rugby,,, pessoas,,6573
2018,Portugal,Ski Náutico,,, pessoas,-,
2018,Portugal,Squash,,, pessoas,-,
2018,Portugal,Surf,,, pessoas,,2084
2018,Portugal,Taekwondo,,, pessoas,-,
2018,Portugal,Ténis,,, pessoas,,18839
2018,Portugal,Ténis de Mesa,,, pessoas,,3710
2018,Portugal,Tiro,,, pessoas,,4108
2018,Portugal,Tiro com Arco,,, pessoas,,377
2018,Portugal,Tiro com Armas de Caça,,, pessoas,,3216
2018,Portugal,Total,,, pessoas,,667715
2018,Portugal,Trampolins e Desp. Acrobáticos,,, pessoas,-,
2018,Portugal,Triatlo,,, pessoas,,3178
2018,Portugal,Vela,,, pessoas,,1649
2018,Portugal,Voleibol,,, pessoas,,44739
2018,Portugal,Voo Livre,,, pessoas,,669
2018,Portugal,Xadrez,,, pessoas,,3536
2019,Portugal,Aeromodelismo,,, pessoas,,1019
2019,Portugal,Aeronáutica,,, pessoas,,611
2019,Portugal,Aikido,,, pessoas,,1255
2019,Portugal,Andebol,,, pessoas,,49192
2019,Portugal,Arqueiros e Besteiros,,, pessoas,-,
2019,Portugal,Artes Marciais Chinesas,,, pessoas,,585
2019,Portugal,Atividades Subaquáticas,,, pessoas,,1530
2019,Portugal,Atletismo,,, pessoas,,19439
2019,Portugal,Automobilismo,,, pessoas,,4896
2019,Portugal,Badminton,,, pessoas,,1901
2019,Portugal,Basebol e Softbol,,, pessoas,-,
2019,Portugal,Basquetebol,,, pessoas,,31546
2019,Portugal,Bilhar,,, pessoas,,2744
2019,Portugal,Boxe,,, pessoas,-,
2019,Portugal,Bridge,,, pessoas,,1080
2019,Portugal,Budo,,, pessoas,-,
2019,Portugal,Campismo e Montanhismo,,, pessoas,,25989
2019,Portugal,Canoagem,,, pessoas,,2730
2019,Portugal,Ciclismo,,, pessoas,,16927
2019,Portugal,Columbofilia,,, pessoas,,7921
2019,Portugal,Corfebol,,, pessoas,,910
2019,Portugal,Damas,,, pessoas,,809
2019,Portugal,Dança Desportiva,,, pessoas,,1216
2019,Portugal,Desporto para pessoas com deficiência,,, pessoas,,1368
2019,Portugal,Desporto Universitário,,, pessoas,,8542
2019,Portugal,Desportos de inverno,,, pessoas,,202
2019,Portugal,Equestre,,, pessoas,,6253
2019,Portugal,Escalada de Competição,,, pessoas,-,
2019,Portugal,Esgrima,,, pessoas,,820
2019,Portugal,Futebol,,, pessoas,,184391
2019,Portugal,Futebol de Salão,,, pessoas,-,
2019,Portugal,Ginástica,,, pessoas,,21530
2019,Portugal,Golfe,,, pessoas,,15519
2019,Portugal,Halterofilismo,,, pessoas,-,
2019,Portugal,Hóquei,,, pessoas,,2162
2019,Portugal,Hovercraft,,, pessoas,-,
2019,Portugal,Jet Ski,,, pessoas,-,
2019,Portugal,Ju-Jitsu e Disciplinas Associadas,,, pessoas,x,
2019,Portugal,Judo,,, pessoas,x,
2019,Portugal,Karate,,, pessoas,,15963
2019,Portugal,Kickboxing,,, pessoas,,3419
2019,Portugal,Lohan Tao Kempo,,, pessoas,,1552
2019,Portugal,Lutas Amadoras,,, pessoas,,1073
2019,Portugal,Minigolfe,,, pessoas,-,
2019,Portugal,Motociclismo,,, pessoas,,1372
2019,Portugal,Motonáutica,,, pessoas,,241
2019,Portugal,Natação,,, pessoas,,106127
2019,Portugal,Orientação,,, pessoas,,1883
2019,Portugal,Padel,,, pessoas,,5209
2019,Portugal,Paraquedismo,,, pessoas,,685
2019,Portugal,Patinagem,,, pessoas,,17043
2019,Portugal,Pentatlo Moderno,,, pessoas,,1053
2019,Portugal,Pesca Desportiva,,, pessoas,,2513
2019,Portugal,Pesca Desportiva do Alto Mar,,, pessoas,,434
2019,Portugal,Petanca,,, pessoas,,769
2019,Portugal,Remo,,, pessoas,,1591
2019,Portugal,Rugby,,, pessoas,,6718
2019,Portugal,Ski Náutico,,, pessoas,-,
2019,Portugal,Squash,,, pessoas,-,
2019,Portugal,Surf,,, pessoas,,2129
2019,Portugal,Taekwondo,,, pessoas,-,
2019,Portugal,Ténis,,, pessoas,,18731
2019,Portugal,Ténis de Mesa,,, pessoas,,3698
2019,Portugal,Tiro,,, pessoas,,4243
2019,Portugal,Tiro com Arco,,, pessoas,,417
2019,Portugal,Tiro com Armas de Caça,,, pessoas,,3405
2019,Portugal,Total,,, pessoas,,688894
2019,Portugal,Trampolins e Desp. Acrobáticos,,, pessoas,-,
2019,Portugal,Triatlo,,, pessoas,,3322
2019,Portugal,Vela,,, pessoas,,2004
2019,Portugal,Voleibol,,, pessoas,,48791
2019,Portugal,Voo Livre,,, pessoas,,695
2019,Portugal,Xadrez,,, pessoas,,3887
2020,Portugal,Aeromodelismo,,, pessoas,,1048
2020,Portugal,Aeronáutica,,, pessoas,,561
2020,Portugal,Aikido,,, pessoas,,1212
2020,Portugal,Andebol,,, pessoas,,45394
2020,Portugal,Arqueiros e Besteiros,,, pessoas,-,
2020,Portugal,Artes Marciais Chinesas,,, pessoas,-,
2020,Portugal,Atividades Subaquáticas,,, pessoas,,1001
2020,Portugal,Atletismo,,, pessoas,,19217
2020,Portugal,Automobilismo,,, pessoas,,2517
2020,Portugal,Badminton,,, pessoas,,1886
2020,Portugal,Basebol e Softbol,,, pessoas,-,
2020,Portugal,Basquetebol,,, pessoas,,26608
2020,Portugal,Bilhar,,, pessoas,,2584
2020,Portugal,Boxe,,, pessoas,-,
2020,Portugal,Bridge,,, pessoas,,975
2020,Portugal,Budo,,, pessoas,-,
2020,Portugal,Campismo e Montanhismo,,, pessoas,,21182
2020,Portugal,Canoagem,,, pessoas,,2855
2020,Portugal,Ciclismo,,, pessoas,,16542
2020,Portugal,Columbofilia,,, pessoas,,7734
2020,Portugal,Corfebol,,, pessoas,,581
2020,Portugal,Damas,,, pessoas,,809
2020,Portugal,Dança Desportiva,,, pessoas,,1197
2020,Portugal,Desporto para pessoas com deficiência,,, pessoas,,1217
2020,Portugal,Desporto Universitário,,, pessoas,,6951
2020,Portugal,Desportos de inverno,,, pessoas,,226
2020,Portugal,Equestre,,, pessoas,,6494
2020,Portugal,Escalada de Competição,,, pessoas,-,
2020,Portugal,Esgrima,,, pessoas,,859
2020,Portugal,Futebol,,, pessoas,,190865
2020,Portugal,Futebol de Salão,,, pessoas,-,
2020,Portugal,Ginástica,,, pessoas,,21298
2020,Portugal,Golfe,,, pessoas,,15292
2020,Portugal,Halterofilismo,,, pessoas,-,
2020,Portugal,Hóquei,,, pessoas,,1875
2020,Portugal,Hovercraft,,, pessoas,-,
2020,Portugal,Jet Ski,,, pessoas,-,
2020,Portugal,Ju-Jitsu e Disciplinas Associadas,,, pessoas,x,
2020,Portugal,Judo,,, pessoas,x,
2020,Portugal,Karate,,, pessoas,,13722
2020,Portugal,Kickboxing,,, pessoas,,2902
2020,Portugal,Lohan Tao Kempo,,, pessoas,,4031
2020,Portugal,Lutas Amadoras,,, pessoas,,700
2020,Portugal,Minigolfe,,, pessoas,-,
2020,Portugal,Motociclismo,,, pessoas,,1131
2020,Portugal,Motonáutica,,, pessoas,,63
2020,Portugal,Natação,,, pessoas,,21479
2020,Portugal,Orientação,,, pessoas,,1248
2020,Portugal,Padel,,, pessoas,,4823
2020,Portugal,Paraquedismo,,, pessoas,,603
2020,Portugal,Patinagem,,, pessoas,,15431
2020,Portugal,Pentatlo Moderno,,, pessoas,,680
2020,Portugal,Pesca Desportiva,,, pessoas,,2433
2020,Portugal,Pesca Desportiva do Alto Mar,,, pessoas,,265
2020,Portugal,Petanca,,, pessoas,,780
2020,Portugal,Remo,,, pessoas,,1576
2020,Portugal,Rugby,,, pessoas,,5699
2020,Portugal,Ski Náutico,,, pessoas,-,
2020,Portugal,Squash,,, pessoas,,418
2020,Portugal,Surf,,, pessoas,,2138
2020,Portugal,Taekwondo,,, pessoas,-,
2020,Portugal,Ténis,,, pessoas,,19243
2020,Portugal,Ténis de Mesa,,, pessoas,,3539
2020,Portugal,Tiro,,, pessoas,,4401
2020,Portugal,Tiro com Arco,,, pessoas,,427
2020,Portugal,Tiro com Armas de Caça,,, pessoas,,3571
2020,Portugal,Total,,, pessoas,,588230
2020,Portugal,Trampolins e Desp. Acrobáticos,,, pessoas,-,
2020,Portugal,Triatlo,,, pessoas,,3239
2020,Portugal,Vela,,, pessoas,,1978
2020,Portugal,Voleibol,,, pessoas,,53316
2020,Portugal,Voo Livre,,, pessoas,,652
2020,Portugal,Xadrez,,, pessoas,,3680
2021,Portugal,Aeromodelismo,,, pessoas,,1044
2021,Portugal,Aeronáutica,,, pessoas,,594
2021,Portugal,Aikido,,, pessoas,,629
2021,Portugal,Andebol,,, pessoas,,31447
2021,Portugal,Arqueiros e Besteiros,,, pessoas,-,
2021,Portugal,Artes Marciais Chinesas,,, pessoas,,390
2021,Portugal,Atividades Subaquáticas,,, pessoas,,1186
2021,Portugal,Atletismo,,, pessoas,,17396
2021,Portugal,Automobilismo,,, pessoas,,5016
2021,Portugal,Badminton,,, pessoas,,1553
2021,Portugal,Basebol e Softbol,,, pessoas,-,
2021,Portugal,Basquetebol,,, pessoas,,18020
2021,Portugal,Bilhar,,, pessoas,,2527
2021,Portugal,Boxe,,, pessoas,-,
2021,Portugal,Bridge,,, pessoas,,745
2021,Portugal,Budo,,, pessoas,-,
2021,Portugal,Campismo e Montanhismo,,, pessoas,,21914
2021,Portugal,Canoagem,,, pessoas,,3524
2021,Portugal,Ciclismo,,, pessoas,,18787
2021,Portugal,Columbofilia,,, pessoas,,7708
2021,Portugal,Corfebol,,, pessoas,,723
2021,Portugal,Damas,,, pessoas,,809
2021,Portugal,Dança Desportiva,,, pessoas,,1040
2021,Portugal,Desporto para pessoas com deficiência,,, pessoas,,2206
2021,Portugal,Desporto Universitário,,, pessoas,,3486
2021,Portugal,Desportos de inverno,,, pessoas,,234
2021,Portugal,Equestre,,, pessoas,,8073
2021,Portugal,Escalada de Competição,,, pessoas,-,
2021,Portugal,Esgrima,,, pessoas,,756
2021,Portugal,Futebol,,, pessoas,,126006
2021,Portugal,Futebol de Salão,,, pessoas,-,
2021,Portugal,Ginástica,,, pessoas,,15446
2021,Portugal,Golfe,,, pessoas,,15579
2021,Portugal,Halterofilismo,,, pessoas,-,
2021,Portugal,Hóquei,,, pessoas,,1543
2021,Portugal,Hovercraft,,, pessoas,-,
2021,Portugal,Jet Ski,,, pessoas,-,
2021,Portugal,Ju-Jitsu e Disciplinas Associadas,,, pessoas,x,
2021,Portugal,Judo,,, pessoas,x,
2021,Portugal,Karate,,, pessoas,,10413
2021,Portugal,Kickboxing,,, pessoas,,1616
2021,Portugal,Lohan Tao Kempo,,, pessoas,,4379
2021,Portugal,Lutas Amadoras,,, pessoas,,774
2021,Portugal,Minigolfe,,, pessoas,-,
2021,Portugal,Motociclismo,,, pessoas,,1344
2021,Portugal,Motonáutica,,, pessoas,,74
2021,Portugal,Natação,,, pessoas,,46980
2021,Portugal,Orientação,,, pessoas,,782
2021,Portugal,Padel,,, pessoas,,6621
2021,Portugal,Paraquedismo,,, pessoas,,535
2021,Portugal,Patinagem,,, pessoas,,13476
2021,Portugal,Pentatlo Moderno,,, pessoas,,669
2021,Portugal,Pesca Desportiva,,, pessoas,,2719
2021,Portugal,Pesca Desportiva do Alto Mar,,, pessoas,,274
2021,Portugal,Petanca,,, pessoas,-,
2021,Portugal,Remo,,, pessoas,,1351
2021,Portugal,Rugby,,, pessoas,,3354
2021,Portugal,Ski Náutico,,, pessoas,-,
2021,Portugal,Squash,,, pessoas,,359
2021,Portugal,Surf,,, pessoas,,2655
2021,Portugal,Taekwondo,,, pessoas,-,
2021,Portugal,Ténis,,, pessoas,,21784
2021,Portugal,Ténis de Mesa,,, pessoas,,2537
2021,Portugal,Tiro,,, pessoas,,4622
2021,Portugal,Tiro com Arco,,, pessoas,,445
2021,Portugal,Tiro com Armas de Caça,,, pessoas,,4132
2021,Portugal,Total,,, pessoas,,505743
2021,Portugal,Trampolins e Desp. Acrobáticos,,, pessoas,-,
2021,Portugal,Triatlo,,, pessoas,,3471
2021,Portugal,Vela,,, pessoas,,3747
2021,Portugal,Voleibol,,, pessoas,,40771
2021,Portugal,Voo Livre,,, pessoas,,647
2021,Portugal,Xadrez,,, pessoas,,2993
2022,Portugal,Aeromodelismo,,, pessoas,,1119
2022,Portugal,Aeronáutica,,, pessoas,-,
2022,Portugal,Aikido,,, pessoas,,958
2022,Portugal,Andebol,,, pessoas,,42809
2022,Portugal,Arqueiros e Besteiros,,, pessoas,-,
2022,Portugal,Artes Marciais Chinesas,,, pessoas,,526
2022,Portugal,Atividades Subaquáticas,,, pessoas,,1338
2022,Portugal,Atletismo,,, pessoas,,20384
2022,Portugal,Automobilismo,,, pessoas,,5423
2022,Portugal,Badminton,,, pessoas,,1791
2022,Portugal,Basebol e Softbol,,, pessoas,-,
2022,Portugal,Basquetebol,,, pessoas,,27519
2022,Portugal,Bilhar,,, pessoas,,2855
2022,Portugal,Boxe,,, pessoas,-,
2022,Portugal,Bridge,,, pessoas,,803
2022,Portugal,Budo,,, pessoas,-,
2022,Portugal,Campismo e Montanhismo,,, pessoas,,22119
2022,Portugal,Canoagem,,, pessoas,,3746
2022,Portugal,Ciclismo,,, pessoas,,19380
2022,Portugal,Columbofilia,,, pessoas,,7611
2022,Portugal,Corfebol,,, pessoas,,1046
2022,Portugal,Damas,,, pessoas,,801
2022,Portugal,Dança Desportiva,,, pessoas,,1126
2022,Portugal,Desporto para pessoas com deficiência,,, pessoas,,2714
2022,Portugal,Desporto Universitário,,, pessoas,,8161
2022,Portugal,Desportos de inverno,,, pessoas,,315
2022,Portugal,Equestre,,, pessoas,,8656
2022,Portugal,Escalada de Competição,,, pessoas,,474
2022,Portugal,Esgrima,,, pessoas,,681
2022,Portugal,Futebol,,, pessoas,,195332
2022,Portugal,Futebol de Salão,,, pessoas,-,
2022,Portugal,Ginástica,,, pessoas,,20250
2022,Portugal,Golfe,,, pessoas,,17252
2022,Portugal,Halterofilismo,,, pessoas,-,
2022,Portugal,Hóquei,,, pessoas,,2333
2022,Portugal,Hovercraft,,, pessoas,-,
2022,Portugal,Jet Ski,,, pessoas,-,
2022,Portugal,Ju-Jitsu e Disciplinas Associadas,,, pessoas,x,
2022,Portugal,Judo,,, pessoas,x,
2022,Portugal,Karate,,, pessoas,,15094
2022,Portugal,Kickboxing,,, pessoas,,3076
2022,Portugal,Lohan Tao Kempo,,, pessoas,,4596
2022,Portugal,Lutas Amadoras,,, pessoas,,885
2022,Portugal,Minigolfe,,, pessoas,-,
2022,Portugal,Motociclismo,,, pessoas,,1476
2022,Portugal,Motonáutica,,, pessoas,,108
2022,Portugal,Natação,,, pessoas,,76833
2022,Portugal,Orientação,,, pessoas,,1008
2022,Portugal,Padel,,, pessoas,,9000
2022,Portugal,Paraquedismo,,, pessoas,,704
2022,Portugal,Patinagem,,, pessoas,,16077
2022,Portugal,Pentatlo Moderno,,, pessoas,,657
2022,Portugal,Pesca Desportiva,,, pessoas,,2598
2022,Portugal,Pesca Desportiva do Alto Mar,,, pessoas,,292
2022,Portugal,Petanca,,, pessoas,,921
2022,Portugal,Remo,,, pessoas,,1413
2022,Portugal,Rugby,,, pessoas,,6546
2022,Portugal,Ski Náutico,,, pessoas,-,
2022,Portugal,Squash,,, pessoas,,423
2022,Portugal,Surf,,, pessoas,,2849
2022,Portugal,Taekwondo,,, pessoas,,1521
2022,Portugal,Ténis,,, pessoas,,26390
2022,Portugal,Ténis de Mesa,,, pessoas,,2835
2022,Portugal,Tiro,,, pessoas,,5087
2022,Portugal,Tiro com Arco,,, pessoas,,611
2022,Portugal,Tiro com Armas de Caça,,, pessoas,,4627
2022,Portugal,Total,,, pessoas,,686214
2022,Portugal,Trampolins e Desp. Acrobáticos,,, pessoas,-,
2022,Portugal,Triatlo,,, pessoas,,3800
2022,Portugal,Vela,,, pessoas,,3879
2022,Portugal,Voleibol,,, pessoas,,51280
2022,Portugal,Voo Livre,,, pessoas,,700
2022,Portugal,Xadrez,,, pessoas,,4310
2023,Portugal,Aeromodelismo,,, pessoas,,1026
2023,Portugal,Aeronáutica,,, pessoas,-,
2023,Portugal,Aikido,,, pessoas,,1166
2023,Portugal,Andebol,,, pessoas,,48594
2023,Portugal,Arqueiros e Besteiros,,, pessoas,-,
2023,Portugal,Artes Marciais Chinesas,,, pessoas,,563
2023,Portugal,Atividades Subaquáticas,,, pessoas,,1144
2023,Portugal,Atletismo,,, pessoas,,21875
2023,Portugal,Automobilismo,,, pessoas,,8748
2023,Portugal,Badminton,,, pessoas,,1966
2023,Portugal,Basebol e Softbol,,, pessoas,-,
2023,Portugal,Basquetebol,,, pessoas,,30833
2023,Portugal,Bilhar,,, pessoas,,3045
2023,Portugal,Boxe,,, pessoas,-,
2023,Portugal,Bridge,,, pessoas,,806
2023,Portugal,Budo,,, pessoas,-,
2023,Portugal,Campismo e Montanhismo,,, pessoas,,21048
2023,Portugal,Canoagem,,, pessoas,,3713
2023,Portugal,Ciclismo,,, pessoas,,18978
2023,Portugal,Columbofilia,,, pessoas,,7220
2023,Portugal,Corfebol,,, pessoas,,1132
2023,Portugal,Damas,,, pessoas,,757
2023,Portugal,Dança Desportiva,,, pessoas,,1135
2023,Portugal,Desporto para pessoas com deficiência,,, pessoas,,3091
2023,Portugal,Desporto Universitário,,, pessoas,,9033
2023,Portugal,Desportos de inverno,,, pessoas,,331
2023,Portugal,Equestre,,, pessoas,,8727
2023,Portugal,Escalada de Competição,,, pessoas,,800
2023,Portugal,Esgrima,,, pessoas,,928
2023,Portugal,Futebol,,, pessoas,,215051
2023,Portugal,Futebol de Salão,,, pessoas,-,
2023,Portugal,Ginástica,,, pessoas,,23052
2023,Portugal,Golfe,,, pessoas,,18133
2023,Portugal,Halterofilismo,,, pessoas,-,
2023,Portugal,Hóquei,,, pessoas,,2687
2023,Portugal,Hovercraft,,, pessoas,-,
2023,Portugal,Jet Ski,,, pessoas,-,
2023,Portugal,Ju-Jitsu e Disciplinas Associadas,,, pessoas,x,
2023,Portugal,Judo,,, pessoas,x,
2023,Portugal,Karate,,, pessoas,,17850
2023,Portugal,Kickboxing,,, pessoas,,3591
2023,Portugal,Lohan Tao Kempo,,, pessoas,,6363
2023,Portugal,Lutas Amadoras,,, pessoas,,926
2023,Portugal,Minigolfe,,, pessoas,-,
2023,Portugal,Motociclismo,,, pessoas,,1360
2023,Portugal,Motonáutica,,, pessoas,,123
2023,Portugal,Natação,,, pessoas,,103494
2023,Portugal,Orientação,,, pessoas,,1110
2023,Portugal,Padel,,, pessoas,,11564
2023,Portugal,Paraquedismo,,, pessoas,,724
2023,Portugal,Patinagem,,, pessoas,,17591
2023,Portugal,Pentatlo Moderno,,, pessoas,,522
2023,Portugal,Pesca Desportiva,,, pessoas,,2498
2023,Portugal,Pesca Desportiva do Alto Mar,,, pessoas,,309
2023,Portugal,Petanca,,, pessoas,,952
2023,Portugal,Remo,,, pessoas,,1460
2023,Portugal,Rugby,,, pessoas,,6808
2023,Portugal,Ski Náutico,,, pessoas,-,
2023,Portugal,Squash,,, pessoas,,432
2023,Portugal,Surf,,, pessoas,,2621
2023,Portugal,Taekwondo,,, pessoas,,2891
2023,Portugal,Ténis,,, pessoas,,27578
2023,Portugal,Ténis de Mesa,,, pessoas,,3519
2023,Portugal,Tiro,,, pessoas,,3955
2023,Portugal,Tiro com Arco,,, pessoas,,663
2023,Portugal,Tiro com Armas de Caça,,, pessoas,,5035
2023,Portugal,Total,,, pessoas,,773845
2023,Portugal,Trampolins e Desp. Acrobáticos,,, pessoas,-,
2023,Portugal,Triatlo,,, pessoas,,3623
2023,Portugal,Vela,,, pessoas,,4215
2023,Portugal,Voleibol,,, pessoas,,59202
2023,Portugal,Voo Livre,,, pessoas,,709
2023,Portugal,Xadrez,,, pessoas,,5804
,,,,,,,
,Ultima atualização: 06.12.2024 12:16:48,,,,,,
,"Fonte: Instituto Português do Desporto e Juventude, I.P. (IPDJ) | Dados fornecidos pelas entidades",,,,,,
